true_label,predicted_label,prediction_probability
1,1,0.9981242
1,0,0.000119487326
0,0,0.00011955844
1,1,0.99875605
0,0,0.00012122266
1,1,0.9995287
1,1,0.99846154
0,0,0.00011945919
1,1,0.99958307
0,0,0.00011949166
0,0,0.00011946899
0,0,0.00011956346
0,0,0.00011948357
1,1,0.9997729
0,0,0.00011945657
0,0,0.00011946477
1,0,0.00011948004
1,1,0.99837977
1,1,0.9986861
1,1,0.9997516
0,0,0.000119906785
1,0,0.00011949132
1,1,0.9997841
0,0,0.00011949507
0,0,0.00011949257
1,1,0.99773234
0,0,0.00011957578
0,0,0.00011955422
0,0,0.00011946853
1,1,0.99931896
1,1,0.99952435
0,0,0.00011986859
0,0,0.00011947708
0,0,0.00011948197
0,0,0.00011958501
1,1,0.9996801
1,1,0.9977848
1,1,0.8126015
0,0,0.000119458506
1,1,0.99963415
1,1,0.9304726
1,0,0.00012008929
0,0,0.000119488126
0,0,0.00011948323
1,1,0.999712
1,1,0.9979271
0,0,0.0001194732
1,0,0.00011954818
0,0,0.000119461125
1,1,0.9989609
0,0,0.00011958068
0,0,0.00012056718
0,0,0.00011947104
0,0,0.0001194756
1,1,0.9955661
0,0,0.00011947662
0,0,0.00012732283
1,1,0.99962384
1,1,0.998408
0,0,0.00012007281
1,1,0.9996172
1,1,0.9943594
0,0,0.00011963747
1,1,0.9997851
1,0,0.39798662
1,1,0.98053646
0,0,0.000119520824
1,0,0.00011995596
1,1,0.9997793
0,0,0.00011947218
0,0,0.000119654134
1,1,0.9804946
1,1,0.9997885
1,1,0.99970657
1,1,0.99651486
0,0,0.00012039968
0,0,0.00011947731
0,0,0.00011946523
0,0,0.00011946432
1,1,0.9976223
0,0,0.00014955876
1,1,0.999401
0,0,0.00011949529
0,0,0.00011947081
1,1,0.9992217
1,1,0.995979
0,0,0.00011975366
1,0,0.00011947218
1,1,0.9983892
0,0,0.00011948915
0,0,0.00011948835
1,1,0.9984019
0,0,0.00011947378
1,1,0.99971485
0,0,0.00011946044
1,0,0.00013091203
0,0,0.00011950692
0,0,0.000119482545
0,0,0.000120743214
0,0,0.00011946443
1,1,0.9989365
1,0,0.00077648053
1,0,0.12662981
0,0,0.00011951022
0,0,0.00011948619
1,0,0.00011992462
1,1,0.999554
0,0,0.000119623095
0,0,0.00011951672
0,0,0.00011947024
0,0,0.00011946853
1,1,0.9995412
0,0,0.00011946056
1,0,0.00011948551
1,1,0.99889624
0,0,0.00011946648
1,1,0.8247873
0,0,0.0001197516
0,0,0.00011951558
1,0,0.00013594245
1,1,0.998761
0,0,0.00011947856
0,0,0.00011952824
0,0,0.00011946523
1,1,0.99960405
0,0,0.000119510565
0,0,0.0001206317
0,0,0.00011946978
0,0,0.00011948471
0,0,0.0001194699
0,0,0.000119470926
1,1,0.9848168
0,0,0.00012037545
1,1,0.9996739
0,0,0.000119498254
1,1,0.999771
1,1,0.975176
1,1,0.9984402
0,0,0.00011946728
1,0,0.0001200206
1,1,0.9991641
1,1,0.9990771
0,0,0.00011946078
0,0,0.00011948016
1,1,0.9997877
1,1,0.9996949
1,1,0.9997577
1,0,0.00011968859
0,0,0.00011992783
0,0,0.00012427712
0,0,0.00011946774
0,0,0.00012528303
1,1,0.99978375
0,0,0.0001194838
1,1,0.9996926
1,1,0.99530214
1,1,0.99888057
0,0,0.00012413667
0,0,0.000119464545
1,1,0.9997772
1,1,0.7812869
1,1,0.9990431
0,0,0.0001205973
1,1,0.99957234
1,1,0.9973078
0,0,0.00012484954
1,0,0.44767374
0,0,0.000119465
1,0,0.00011951193
1,1,0.9993332
1,1,0.9991946
1,1,0.9533523
1,1,0.99712634
1,1,0.9986979
1,1,0.99890184
1,1,0.99955624
1,1,0.99886006
1,1,0.9997016
0,0,0.00011947047
1,1,0.9718738
0,0,0.000119463744
0,0,0.00011946557
1,1,0.9997538
1,1,0.996769
1,1,0.99978465
1,1,0.99895716
0,0,0.00011951615
1,1,0.9989643
0,0,0.000121191806
0,0,0.00011946329
1,1,0.987556
0,0,0.00011946944
1,1,0.99973476
1,1,0.9927605
0,0,0.000119468765
0,0,0.00011958308
1,1,0.9484898
1,1,0.9992827
1,1,0.9991601
0,0,0.00011946261
0,0,0.000119760974
0,0,0.00012494456
1,1,0.9989971
0,0,0.00011946774
0,0,0.00011946466
1,1,0.99910724
1,1,0.9997826
0,0,0.000119459306
0,0,0.00011947332
1,1,0.9995681
1,1,0.99957603
0,0,0.00012022701
1,0,0.000119587414
0,0,0.00011946933
0,0,0.00011947286
1,0,0.00011948551
1,1,0.9991823
0,0,0.000119477765
1,0,0.00011948961
0,0,0.00011946352
1,1,0.9981073
0,0,0.00011951843
1,1,0.99931026
0,0,0.000119831006
0,0,0.00011950019
0,0,0.000119467164
0,0,0.00011946352
1,1,0.99976695
1,1,0.99961704
0,0,0.00077231444
1,1,0.9980638
1,1,0.99978316
0,0,0.000119469216
0,0,0.00011946329
0,0,0.000119458964
1,0,0.00011949211
1,1,0.99884635
0,0,0.00011961853
1,1,0.99976045
1,1,0.99901104
1,1,0.99976826
0,0,0.00011946466
1,1,0.9804946
0,0,0.0001194732
1,0,0.00011967376
1,1,0.9984275
0,0,0.000119481294
1,1,0.5548543
1,1,0.9144928
1,1,0.99724436
1,0,0.00011957224
1,1,0.98106325
1,1,0.99931365
1,1,0.6406041
0,0,0.0001194617
1,1,0.99949473
1,1,0.99979126
1,1,0.9995428
0,0,0.000119481294
0,0,0.0001194756
1,1,0.9997848
0,0,0.000120764635
1,1,0.9987046
1,1,0.9966926
1,1,0.9988817
0,0,0.00011946944
0,0,0.00011949166
0,0,0.00012123134
0,0,0.000119463744
1,1,0.9990062
1,0,0.00011948197
0,0,0.00011946785
1,1,0.999593
1,1,0.9983183
1,1,0.9992263
0,0,0.00012015035
0,0,0.000119472636
0,0,0.00011946306
1,1,0.99974823
1,1,0.9997069
1,1,0.9992985
1,0,0.000119481294
0,0,0.000119493125
1,1,0.99488366
0,0,0.00011956049
1,1,0.9985889
0,0,0.00011948186
1,1,0.9978915
0,0,0.000119469216
1,1,0.9992244
1,1,0.9997693
0,0,0.00011948801
0,0,0.000119474345
1,1,0.9997264
1,1,0.9997157
1,0,0.00011965185
0,0,0.00011947286
0,0,0.00011960486
1,1,0.9997741
0,0,0.00011946227
1,1,0.9994525
1,1,0.9997647
1,1,0.99941295
0,0,0.000119474345
0,0,0.00011947549
0,0,0.00011947024
1,1,0.9994694
1,0,0.00012004029
1,1,0.9997776
0,0,0.00012865996
1,1,0.9973536
1,0,0.000119523334
0,0,0.00011947924
0,0,0.0001194666
0,0,0.00011946386
1,1,0.9995727
1,1,0.9995359
0,0,0.00011946569
0,0,0.0001200885
1,1,0.9987389
1,1,0.9997123
0,0,0.00011947332
1,1,0.99964386
1,1,0.9987088
1,1,0.999447
0,0,0.00011949598
0,0,0.000119465
1,1,0.99481195
1,1,0.9912969
0,0,0.00011946865
1,1,0.99975026
1,1,0.99957436
1,1,0.99632484
0,0,0.000121748715
0,0,0.00011946762
0,0,0.000119469216
1,1,0.9994184
0,0,0.00011945691
1,1,0.99975073
1,1,0.99899185
1,1,0.981449
1,1,0.99885535
0,0,0.000119487784
1,1,0.9986409
0,0,0.000119481185
0,0,0.00011946204
1,1,0.99968904
1,1,0.9322927
0,0,0.00011947286
0,0,0.00011946181
1,1,0.99255264
1,1,0.9997833
0,0,0.00011946386
1,1,0.57277095
0,0,0.000119471726
1,1,0.9994477
0,0,0.00012183338
0,0,0.00011946899
0,0,0.00011946432
0,0,0.00011947742
1,1,0.9989349
0,0,0.00011962321
0,0,0.00011946774
1,1,0.99124175
1,1,0.9986707
1,0,0.00012020111
0,0,0.000119473545
0,1,0.58055025
0,0,0.000119470926
0,0,0.0001194666
1,1,0.99955934
1,1,0.99977106
1,1,0.9974035
1,1,0.9819954
1,1,0.9993517
0,0,0.00011946386
0,0,0.00011946432
0,0,0.000119570876
0,0,0.00011947685
0,0,0.00011946295
1,1,0.9960905
0,0,0.00012377628
0,0,0.0001230624
1,0,0.43620774
1,1,0.999682
0,0,0.00012620809
1,1,0.99978685
0,0,0.00011947469
1,1,0.9946754
0,0,0.0001194609
0,0,0.00011949769
0,0,0.000119462384
1,0,0.00011950863
1,1,0.99958706
1,1,0.95125383
1,1,0.99597836
1,1,0.9991702
0,0,0.000119540775
1,1,0.9987706
0,0,0.00011947674
1,1,0.98582137
1,1,0.9997593
1,1,0.96801764
1,1,0.99343085
1,1,0.99922764
1,1,0.9997716
1,1,0.9992833
1,1,0.998334
0,0,0.00011946853
1,1,0.9989443
1,1,0.9995921
0,0,0.00011950475
1,1,0.99976563
0,0,0.0001279351
0,0,0.00011953542
1,1,0.9995076
1,1,0.99699324
1,0,0.00011952527
1,1,0.99941313
1,1,0.9840156
0,0,0.00011947651
1,1,0.9995432
0,0,0.00011946865
1,1,0.96379274
1,0,0.00011953462
0,0,0.00011945703
0,0,0.00011952527
1,1,0.99900585
1,1,0.99969405
0,0,0.00012002301
1,0,0.51004666
1,1,0.9986524
1,1,0.99787927
1,0,0.00014341241
0,0,0.00012277956
1,1,0.73064715
1,1,0.99978423
1,1,0.7055674
0,0,0.000502628
0,0,0.000119464545
0,0,0.00011947549
1,1,0.999631
0,0,0.00012116649
0,0,0.00011949223
1,1,0.9997803
0,0,0.000119464086
1,1,0.99640083
0,0,0.00011946899
0,0,0.00011946056
1,0,0.50324404
1,1,0.9975896
0,0,0.2053299
0,0,0.000119468765
1,1,0.9996888
0,0,0.000119481294
1,1,0.99952996
1,1,0.89189255
1,1,0.99977034
0,0,0.00011952299
1,1,0.9995725
0,0,0.000119506345
1,1,0.9992929
0,0,0.00011946819
0,0,0.000119473436
1,1,0.99945915
0,0,0.00011947104
1,1,0.9939878
0,0,0.0001312266
0,0,0.00011957589
1,0,0.00011947366
1,1,0.99934006
0,0,0.00012637321
1,1,0.9997518
1,1,0.99881405
1,1,0.99968094
1,1,0.9547772
1,1,0.9987469
0,0,0.0001194863
0,0,0.000119467164
1,1,0.9935198
0,0,0.00011947549
1,1,0.999779
1,0,0.073887326
0,0,0.00011974727
0,0,0.00011947127
1,1,0.999322
1,0,0.000119503384
0,0,0.00011946637
1,1,0.9997726
0,0,0.00011946956
0,0,0.00011950407
1,1,0.9903201
1,1,0.9986523
0,0,0.00011948539
0,0,0.000119458506
0,0,0.00011946306
1,1,0.998574
1,1,0.9958559
0,0,0.000119455886
0,0,0.00011947549
0,0,0.000119512275
1,1,0.99941397
1,1,0.971491
1,1,0.9994843
1,1,0.90924674
1,1,0.9991854
1,1,0.9996423
0,0,0.00011948847
0,0,0.00011946785
1,1,0.9994325
0,0,0.0001198798
0,0,0.00011946318
1,1,0.9672599
0,0,0.00011945794
1,0,0.000119479926
0,0,0.00011946033
1,1,0.9995527
0,0,0.00011987042
0,0,0.00012217843
1,1,0.99943864
0,0,0.00011957407
1,1,0.99143106
1,1,0.9997473
1,1,0.8694272
0,0,0.000119468765
1,1,0.99963284
0,0,0.000119475146
0,0,0.000120536264
0,0,0.000119558215
0,0,0.000119482655
0,0,0.00013421803
0,0,0.0001194674
0,0,0.00011947902
1,1,0.9985898
0,0,0.000119464086
1,1,0.9996791
0,0,0.0001194642
0,0,0.00011945919
1,1,0.9995308
1,1,0.99940556
0,0,0.00012290689
0,0,0.0001194764
0,0,0.00011946808
1,1,0.9997135
0,0,0.000119471384
0,0,0.00011946831
0,0,0.00011946648
1,1,0.99711823
0,0,0.000119478675
0,0,0.0001206225
1,1,0.9994041
0,0,0.00011946774
1,1,0.99689054
1,1,0.9997758
0,0,0.000119486074
0,0,0.00011947104
1,1,0.998043
1,1,0.9986421
1,1,0.999607
0,0,0.00011946785
1,1,0.9575867
0,0,0.00011947708
1,1,0.9964114
0,0,0.00011949951
0,0,0.00012093656
1,1,0.99754155
0,0,0.0001194666
0,0,0.00011946329
0,0,0.00011948027
0,0,0.00011948357
1,1,0.999311
0,0,0.000119463635
1,1,0.9996236
0,0,0.00011947412
1,0,0.00020334922
0,0,0.00011946933
1,1,0.9994916
1,1,0.9997827
1,1,0.99752396
1,1,0.99972206
0,0,0.00011947742
0,0,0.00012277967
0,0,0.00011946853
0,0,0.000119460216
0,0,0.000119466255
0,0,0.00011947104
0,0,0.00011947332
0,0,0.0001208493
0,0,0.000119467164
0,0,0.000119467164
0,0,0.000119468874
0,0,0.00011945782
1,1,0.95383734
0,0,0.00011945748
1,1,0.99961555
0,0,0.000119516495
0,0,0.3951312
1,0,0.00011993697
0,0,0.0001194707
0,0,0.00011945885
1,1,0.99887043
0,0,0.000119461925
0,0,0.000119473436
0,0,0.00011954283
0,0,0.00011946978
0,0,0.00011946728
0,0,0.00011958935
0,0,0.0001194666
0,0,0.00011947571
1,1,0.9987662
0,0,0.00011946671
1,1,0.9995871
1,0,0.000119490294
1,0,0.0001195711
0,0,0.00011984061
0,0,0.00011947913
0,0,0.00011958935
1,0,0.00012492372
1,1,0.9988748
1,1,0.98934156
1,1,0.99974483
1,1,0.9700048
0,0,0.00011946603
0,0,0.00011949985
1,1,0.9980357
1,1,0.9576767
0,0,0.000120037206
0,0,0.00012004109
1,0,0.00011948927
1,1,0.9997435
1,1,0.99938506
0,0,0.00011946227
1,1,0.99952805
1,1,0.99826914
0,0,0.0001194634
0,0,0.000119459415
0,0,0.000119474345
0,0,0.00011949211
1,1,0.99953604
0,0,0.00011947161
1,1,0.9990511
1,1,0.98256975
0,0,0.00011950258
0,0,0.00011945999
1,0,0.000119509765
1,1,0.999628
0,0,0.0001284158
0,0,0.000119480384
1,1,0.99944746
1,0,0.00011960247
0,0,0.000119479926
0,0,0.00011947195
0,0,0.00011948289
1,1,0.99556816
0,0,0.000119455886
0,0,0.000119462726
1,1,0.9997441
1,1,0.9992042
1,1,0.98996246
1,0,0.000119465
0,0,0.00011946295
1,1,0.94797534
0,0,0.00011947651
0,0,0.00011950726
0,0,0.00011946215
0,0,0.00011947081
1,1,0.9997038
0,0,0.00011946511
1,1,0.9996779
1,1,0.9996244
0,0,0.00014002634
1,1,0.99941564
0,0,0.00011947651
0,0,0.00011946204
0,0,0.00014880544
0,0,0.00011947298
1,0,0.00011964512
1,1,0.99874735
0,0,0.00011990988
1,1,0.9943462
1,0,0.0001194871
1,1,0.99961114
1,1,0.9995398
1,1,0.9995556
0,0,0.000119464086
0,0,0.00011946306
1,0,0.2802044
1,0,0.00011947765
1,1,0.9801734
1,1,0.9982151
1,1,0.9997449
0,0,0.000119467055
0,0,0.00011947115
1,1,0.99934405
0,0,0.000119514894
0,0,0.00011948869
1,1,0.9992798
0,0,0.000119463744
0,0,0.00011945839
0,0,0.00011948402
0,0,0.00011950749
1,0,0.00011949132
0,0,0.00011947537
1,1,0.99880743
0,0,0.00011946466
1,1,0.99978375
1,1,0.99958587
0,0,0.000119474
1,1,0.9997707
0,0,0.00011946591
0,0,0.00011946728
0,0,0.000119458506
0,0,0.0001292004
0,0,0.0001226713
1,0,0.00011948539
1,1,0.9997052
0,0,0.000119464545
1,0,0.000119729586
0,0,0.00011947913
1,1,0.9997833
1,1,0.99967116
0,0,0.00011946865
1,1,0.99961364
1,0,0.00017175994
1,0,0.00012325276
1,1,0.9997892
1,1,0.9996398
1,1,0.9983963
0,0,0.00011946249
1,1,0.99946266
0,0,0.00011955707
1,1,0.99976957
1,1,0.99794555
1,0,0.0001199794
0,0,0.00011947628
1,1,0.9935347
0,0,0.00011947081
1,1,0.9991072
1,1,0.99953336
0,0,0.00011949552
1,1,0.9995079
1,1,0.99304026
0,0,0.0001194601
0,0,0.00012037419
0,0,0.00011951
1,1,0.99940574
1,0,0.00011951113
1,1,0.9997835
0,0,0.000120591445
0,0,0.000119895005
1,1,0.9997842
1,1,0.9994672
0,0,0.000119591175
0,0,0.000119465796
1,1,0.9995564
1,1,0.99903756
0,0,0.00011946158
0,0,0.000119477874
1,0,0.08314309
1,0,0.00012023171
0,0,0.00011948209
0,0,0.00011947389
1,1,0.9997849
1,1,0.99724543
0,0,0.000119519
0,0,0.00011947571
1,1,0.99976325
1,1,0.9991242
0,0,0.00011946147
0,0,0.00011978336
1,1,0.99918604
1,1,0.998538
1,1,0.99893117
0,0,0.00011966554
1,1,0.9997778
1,1,0.9988903
0,0,0.000119463635
1,1,0.9964528
0,0,0.00011946911
1,1,0.9994327
1,1,0.9471074
0,0,0.000119462726
0,0,0.0001194544
1,1,0.99826324
1,0,0.00011954443
0,0,0.00011946295
0,0,0.00011946648
1,1,0.99963367
1,1,0.99871564
0,0,0.000119463744
0,0,0.00011955856
1,1,0.99972504
1,1,0.9986763
0,0,0.00011946044
1,1,0.9995908
1,1,0.9967627
1,1,0.99722815
1,1,0.9997803
0,0,0.00011980084
0,0,0.00011948186
0,0,0.00011947207
0,0,0.0001194674
1,1,0.99857527
1,1,0.99978715
1,0,0.00011950703
1,1,0.9997634
0,0,0.000119467506
0,0,0.00011946318
1,1,0.9997037
0,0,0.00011948972
1,1,0.9996458
0,0,0.000119473545
0,0,0.000119463635
0,0,0.000119629025
1,1,0.9995706
1,1,0.9969097
1,0,0.00011999496
0,0,0.00011948801
0,0,0.000119465454
0,0,0.000119480384
1,1,0.99877393
0,0,0.000119475255
0,0,0.00012219498
0,0,0.00011948152
1,1,0.99640656
1,0,0.000119860706
0,0,0.00011948927
1,1,0.99971807
1,1,0.999769
1,1,0.9994302
1,1,0.9997788
1,0,0.00012013167
1,1,0.9994014
1,1,0.9985413
1,1,0.8287561
1,1,0.9892621
0,0,0.00011945987
0,0,0.00012246433
0,0,0.0001194609
1,1,0.9994663
1,1,0.80320764
1,1,0.9813583
0,0,0.000119498596
1,1,0.9997551
0,0,0.00011946603
1,1,0.99957687
0,0,0.00011947161
1,0,0.00012708266
0,0,0.00012434056
0,0,0.00068603514
1,1,0.9992706
0,0,0.000119539065
0,0,0.000119534845
1,1,0.9992407
1,0,0.00011955878
1,1,0.9997273
1,1,0.99978673
1,1,0.92237383
1,1,0.96356463
1,1,0.999661
1,1,0.99589294
1,1,0.98594016
1,1,0.9969412
1,1,0.9985548
0,0,0.00011956848
0,0,0.00011951558
1,1,0.9997842
0,0,0.00011961819
0,0,0.00011951011
1,1,0.99978733
0,0,0.00011946671
1,1,0.9985416
1,1,0.999768
1,0,0.00011948847
1,1,0.9926388
0,0,0.000119474345
0,0,0.000119496544
1,0,0.00011955046
1,1,0.9988281
1,1,0.9997809
0,0,0.00011946557
1,1,0.99833465
0,0,0.00011945577
1,1,0.9992265
0,0,0.00011946295
0,0,0.00011955502
1,1,0.99970686
0,0,0.00012487726
0,0,0.00011949951
0,0,0.000119486984
0,0,0.00011946944
0,0,0.000119467964
1,1,0.9371818
1,1,0.9997671
1,1,0.9962505
0,0,0.00011946557
1,1,0.9974104
1,1,0.99975973
1,1,0.9995664
0,0,0.00011945862
0,0,0.00011947207
1,1,0.994799
0,0,0.00011947275
1,1,0.999677
1,1,0.9889698
1,1,0.99957037
0,0,0.00011946432
1,1,0.9997785
1,0,0.00011986757
1,1,0.9997871
1,0,0.00012023113
0,0,0.00012057408
0,0,0.00011947651
1,0,0.000119482655
1,1,0.999548
0,0,0.00011946899
1,1,0.9992658
1,1,0.70201325
0,0,0.0001194928
1,1,0.9866223
1,1,0.9996959
1,1,0.9985281
0,0,0.00011946398
1,1,0.9991909
1,1,0.99978316
0,0,0.000119991644
1,1,0.9987391
1,1,0.9997873
1,0,0.00011948277
1,1,0.9975222
1,1,0.99978656
1,1,0.9997879
1,1,0.9984944
1,1,0.9981816
1,1,0.9996361
0,0,0.00011947628
1,1,0.9994707
1,1,0.99909496
1,0,0.00013155925
1,0,0.000119500306
0,0,0.00011946865
1,1,0.977858
1,0,0.000119667486
0,0,0.00011947115
1,1,0.9996469
1,1,0.99978644
1,1,0.9997865
1,1,0.99950826
1,1,0.9997345
1,1,0.99978375
1,0,0.057152398
0,0,0.00011985477
1,1,0.9994996
1,1,0.9910417
0,0,0.00011949678
0,0,0.00011945737
1,1,0.9347884
1,1,0.999784
1,1,0.9987808
1,0,0.0001195027
0,0,0.00011947423
1,1,0.9937869
1,1,0.99712974
1,1,0.99972045
0,0,0.00012074747
1,1,0.9997267
1,0,0.00011948847
1,1,0.9995252
0,0,0.0001194544
0,0,0.000119564145
1,1,0.99790853
0,0,0.00012206234
1,1,0.9992292
0,0,0.00011951615
0,0,0.0001194764
0,0,0.00011947674
1,1,0.9963314
0,0,0.00011947081
1,1,0.9993857
1,1,0.99935603
0,0,0.00011946523
1,1,0.99959767
1,0,0.00011967296
1,1,0.999094
1,1,0.9997835
1,1,0.99962676
1,1,0.9993632
0,0,0.00011946386
1,1,0.99978846
0,0,0.000119465345
0,0,0.00011949381
1,1,0.999787
0,0,0.00011946511
1,0,0.000119762
1,1,0.9994589
1,1,0.9923797
1,0,0.000119545446
1,1,0.9849146
1,1,0.9997825
1,0,0.00011967741
1,1,0.99949735
0,0,0.00011946603
1,1,0.99978757
1,1,0.9997736
0,0,0.000119465
0,0,0.000119605545
0,0,0.00011948197
1,1,0.9997814
1,1,0.99596536
1,1,0.999366
0,0,0.000119496544
1,1,0.9817258
0,0,0.00011948084
0,0,0.00011952436
1,1,0.99665207
0,0,0.000119498145
1,1,0.9996922
1,1,0.9987531
0,0,0.00011947207
0,0,0.000119477874
1,1,0.9984213
0,0,0.00011946648
1,1,0.9915221
0,0,0.00013048915
1,1,0.99693125
1,1,0.99964815
1,0,0.000119607364
0,0,0.00011976657
0,0,0.00011946911
1,1,0.98909557
0,0,0.000119461925
1,1,0.96797574
0,0,0.000119466255
0,0,0.00011946398
1,0,0.00011947036
0,0,0.00011946318
0,0,0.00011946329
0,0,0.00011988254
1,1,0.9997689
1,1,0.9997854
1,1,0.99888426
1,1,0.999773
1,1,0.9988765
0,0,0.00011945999
1,1,0.98155993
0,0,0.000119500306
1,1,0.99978256
0,0,0.0001194634
0,0,0.00011946819
1,1,0.99716115
1,0,0.000119502816
0,0,0.00011947491
0,0,0.000119486875
1,0,0.00011956871
0,0,0.00011959893
1,0,0.00011961442
1,1,0.997572
0,0,0.00011985065
0,0,0.00011953177
1,1,0.99435073
0,0,0.000120257166
0,0,0.00011987854
0,0,0.00011945965
1,1,0.99931794
0,0,0.00011956129
1,1,0.99488896
0,0,0.00012217366
1,1,0.99978197
1,1,0.9993214
0,0,0.000119467506
1,1,0.99973
1,1,0.9545087
1,0,0.053730298
0,0,0.00011947469
0,0,0.00011946865
1,1,0.9995654
0,0,0.000119459306
1,1,0.9994451
1,1,0.9995151
1,1,0.83945364
0,0,0.00011946523
1,1,0.9988337
1,1,0.99956113
1,1,0.6975307
1,1,0.99978024
1,1,0.9982627
0,0,0.00011954863
0,0,0.00011950429
1,0,0.0012687691
1,1,0.99949825
0,0,0.00011997209
0,0,0.00011947412
1,0,0.00011949871
0,0,0.00011948585
1,1,0.99699366
1,1,0.99968994
1,1,0.9997441
0,0,0.000119469216
1,1,0.99904394
0,0,0.00011946944
0,0,0.0001194978
0,0,0.00011945885
0,0,0.00011945999
0,0,0.00011947549
0,0,0.00011947594
0,0,0.00011959574
0,0,0.00011945566
0,0,0.00011952219
0,0,0.000119481185
1,1,0.9990221
1,1,0.9985185
0,0,0.00013349127
1,1,0.99724627
0,0,0.00011947628
0,0,0.00011946204
0,0,0.00012575412
1,1,0.99978656
0,0,0.00011946819
1,1,0.99902993
0,0,0.000119464545
1,1,0.99978197
0,0,0.000119462835
0,0,0.00011947982
1,1,0.9997674
1,1,0.99978405
0,0,0.00011960486
0,0,0.0001197281
1,0,0.17826715
0,0,0.00011945976
0,0,0.000120317854
0,0,0.00011956802
0,0,0.00011950065
1,1,0.6994899
1,1,0.9989092
0,0,0.000119530516
0,0,0.00011949449
0,0,0.00011946569
1,1,0.9997791
1,1,0.9997895
1,1,0.9995993
1,1,0.99885046
0,0,0.00011960839
1,1,0.9940712
1,1,0.9995011
0,0,0.00011947719
1,1,0.9996508
0,0,0.00012017177
0,0,0.0001194846
0,0,0.00011945999
0,0,0.00011946386
0,0,0.00011963713
0,0,0.00011946591
0,0,0.00013370057
0,0,0.00012012216
0,0,0.00011948494
0,0,0.000119605436
0,0,0.00011946899
1,0,0.00011953154
1,1,0.99977905
0,0,0.00011946136
0,0,0.0001224823
0,0,0.00011946249
0,0,0.00011949404
1,1,0.9965833
0,0,0.00011950942
1,1,0.9905659
0,0,0.00012514979
1,1,0.9994416
1,1,0.9982645
1,1,0.996289
1,0,0.00011950874
0,0,0.00011946295
0,0,0.000119499055
1,1,0.99978566
1,1,0.99947536
0,0,0.000119467055
0,0,0.00012023343
0,0,0.00011947229
0,0,0.00012029272
0,0,0.00011946774
1,1,0.9989272
0,0,0.000119493125
0,0,0.0001224788
0,0,0.00011949211
0,0,0.00011946911
0,0,0.00011971931
1,0,0.43081608
0,0,0.000119712
0,0,0.00012412448
1,1,0.99901223
0,0,0.000119482545
0,0,0.00011949257
1,1,0.876633
1,1,0.99974847
0,0,0.00011947332
0,0,0.000119548866
0,0,0.00011948163
0,0,0.000119470584
1,1,0.99743104
0,0,0.00011946682
1,0,0.00012596414
0,0,0.00011954135
1,1,0.99976444
1,1,0.9996363
0,0,0.000119472636
1,1,0.99805135
0,0,0.00011950737
0,0,0.000119468765
1,0,0.0001199897
1,1,0.9995769
1,1,0.99452853
1,1,0.99381846
1,1,0.99936503
0,0,0.000119497345
0,0,0.00011947423
0,0,0.00011947719
1,0,0.00011949518
0,0,0.00011946489
1,1,0.9995008
0,0,0.000119589575
1,0,0.22236858
1,1,0.9994798
1,1,0.99924827
1,1,0.99751943
0,0,0.00011954488
0,0,0.000119462835
0,0,0.00011948027
1,1,0.9997796
1,0,0.45872235
0,0,0.0013330418
0,0,0.000119473094
0,0,0.00011946443
1,1,0.5446497
1,1,0.99978566
0,0,0.00011946249
1,1,0.999253
1,1,0.99883574
1,1,0.99787873
1,1,0.9991643
1,1,0.99898267
1,0,0.000119476965
1,1,0.99935126
1,1,0.99955773
0,0,0.000119456345
0,0,0.00011945965
0,0,0.00011995894
1,1,0.99969
1,1,0.99954623
1,1,0.9987825
0,0,0.00011946933
0,0,0.00011946329
1,1,0.99714786
1,1,0.7511953
1,1,0.9989411
0,0,0.000120065706
0,0,0.000119470125
1,1,0.9997836
1,0,0.34552503
0,0,0.000119572695
1,1,0.9997727
0,0,0.000119476965
0,0,0.000119464086
0,0,0.00012022689
1,1,0.9994912
0,0,0.00011947982
0,0,0.00011948414
1,1,0.9943611
1,1,0.999785
1,1,0.53444064
1,0,0.00011987362
1,1,0.9977217
1,1,0.9915828
0,0,0.00011949507
1,0,0.0001200814
1,1,0.9993114
1,1,0.9931839
1,1,0.99906594
0,0,0.00011976874
0,0,0.00011945965
0,0,0.00011951547
1,1,0.99961483
0,0,0.000119467055
0,0,0.00011945623
0,0,0.00011948756
0,0,0.000119494725
0,0,0.00011945543
0,0,0.000119458964
1,1,0.9992792
0,0,0.00011948619
1,1,0.99930716
0,0,0.00011952892
1,0,0.00018675425
1,1,0.99953157
1,1,0.9985916
1,1,0.99962753
1,1,0.9996766
1,1,0.99977916
0,0,0.000119464086
0,0,0.00011946352
1,1,0.9990783
0,0,0.0001194732
0,0,0.00011946181
1,1,0.99941754
0,0,0.00011948289
1,1,0.9987894
1,1,0.999437
0,0,0.00014310326
1,1,0.99816555
1,0,0.00011962298
1,1,0.9997763
0,0,0.000120712015
1,1,0.99603075
0,0,0.00011945987
0,0,0.00011947115
0,0,0.00011948277
0,0,0.000119464545
0,0,0.00011954112
1,1,0.5235685
1,1,0.94665104
0,0,0.00011948289
0,0,0.00011947389
0,0,0.00011946637
1,1,0.9997818
1,1,0.999781
1,1,0.99954
0,0,0.000119467055
1,1,0.9997904
0,0,0.000119466255
0,0,0.00011945976
0,0,0.000119460674
0,0,0.00011947149
0,0,0.00011948197
0,0,0.00011949086
0,0,0.000119461925
0,0,0.000119482655
1,1,0.9993506
0,0,0.00011946899
1,1,0.99953383
0,0,0.000119460216
0,0,0.00011947491
0,0,0.00012399661
1,0,0.00012946296
1,1,0.98832005
1,1,0.9983914
1,0,0.00011948209
1,1,0.9997742
0,0,0.00011946124
0,0,0.00011946865
1,1,0.99605757
0,0,0.00011945907
1,1,0.9997086
1,1,0.989097
0,0,0.00011947457
1,1,0.9983649
0,0,0.000119598815
1,1,0.9997876
0,0,0.00011949746
1,1,0.99565196
0,0,0.00011946443
1,0,0.000119481745
1,1,0.9982521
1,1,0.99966836
0,0,0.00011946557
1,1,0.9997791
0,0,0.00011947491
0,0,0.00011948289
0,0,0.00011946466
1,0,0.33159727
0,0,0.000119571785
1,1,0.99978215
1,1,0.99926233
0,0,0.00011948141
1,0,0.00011950008
0,0,0.000119490745
1,1,0.9995529
0,0,0.000119745324
1,1,0.9866223
1,1,0.9996048
0,0,0.000119474345
1,1,0.9997708
1,0,0.000119488584
0,0,0.000119669305
1,1,0.99861467
0,0,0.00012437305
0,0,0.00011947036
1,1,0.9896157
0,0,0.00011946329
0,0,0.00011946785
0,0,0.000119522534
1,1,0.8783496
1,1,0.9966113
1,1,0.7723015
0,0,0.000119466255
0,0,0.00011947753
1,1,0.9993047
1,1,0.99967045
1,1,0.8917072
1,1,0.9996038
0,0,0.0001499632
1,1,0.9979056
0,0,0.00011948197
1,1,0.5473266
0,0,0.000119471835
1,1,0.9977579
0,0,0.00011946523
0,0,0.000119462384
1,1,0.9978384
1,1,0.9992624
1,1,0.99952024
0,0,0.00011951752
1,1,0.9965397
0,0,0.00011953952
0,0,0.000119488126
0,0,0.00011946249
0,0,0.00011948414
0,0,0.000119490745
1,1,0.99977463
0,0,0.00011947161
0,0,0.000119465345
0,0,0.0001194928
1,1,0.99831057
0,0,0.00011946944
0,0,0.00011948767
0,0,0.00011975538
1,1,0.99977535
1,1,0.9997632
0,0,0.00011967684
0,0,0.00011988666
0,0,0.00011946511
1,1,0.99921584
0,0,0.000119515236
0,0,0.00011946295
1,1,0.92310095
1,1,0.9820444
1,1,0.9992774
1,0,0.00011966863
0,0,0.00011990793
1,0,0.0001196003
0,0,0.0001194634
1,1,0.9996723
0,0,0.00011948847
1,0,0.43450353
1,1,0.9986846
0,0,0.0001194642
1,1,0.9996194
0,0,0.00011950475
1,1,0.99604386
1,1,0.99964696
1,1,0.9995653
0,0,0.000119458164
0,0,0.00011957076
1,1,0.99920255
1,1,0.9996507
0,0,0.00011947047
1,1,0.9795839
1,1,0.9997858
0,0,0.000119471835
1,1,0.9997659
0,0,0.00011946136
1,1,0.99970603
0,0,0.00011946762
0,0,0.000119462726
0,0,0.0001194634
1,1,0.9996369
1,1,0.99907744
1,1,0.99902254
0,0,0.00011954499
0,0,0.00011946249
1,1,0.9448206
1,1,0.99953544
0,0,0.00011948414
1,0,0.00012028378
1,0,0.34232503
1,1,0.9935043
1,1,0.99584234
1,1,0.9850213
1,1,0.9997875
1,1,0.99312407
1,1,0.97195303
1,0,0.00011948016
0,0,0.000119494835
1,1,0.9997733
0,0,0.00011951182
0,0,0.00011946523
0,0,0.00011946432
1,1,0.9988168
0,0,0.00012013373
0,0,0.00011947149
0,0,0.00013234919
0,0,0.00011946477
0,0,0.00011946124
0,0,0.00011946033
0,0,0.000121468205
1,0,0.000119793636
1,1,0.9973336
1,1,0.99951786
0,0,0.000119467506
1,1,0.99889416
1,1,0.99952644
1,1,0.9992585
1,1,0.9984969
0,0,0.00011953895
1,1,0.99961925
1,1,0.9992896
0,0,0.00011948471
0,0,0.0001194666
1,1,0.99937123
1,0,0.00011948551
0,0,0.00011946648
0,0,0.00011983707
1,1,0.9121873
1,1,0.9929048
1,1,0.9994194
1,1,0.9993629
1,1,0.99918985
1,1,0.9997877
1,1,0.9994636
1,1,0.99934524
0,0,0.00011947127
1,1,0.99966514
1,1,0.9418287
1,0,0.00011951855
0,0,0.00011946432
1,1,0.9995584
1,1,0.99955153
1,1,0.9997668
1,1,0.99669915
1,0,0.00011947811
1,1,0.9997712
1,1,0.9991933
1,1,0.9966429
1,1,0.9996481
1,1,0.99948126
1,1,0.9996622
1,1,0.99946
0,0,0.00011947104
1,1,0.9995904
0,0,0.00011947036
0,0,0.00012032382
1,1,0.9997831
1,1,0.99933547
0,0,0.00011946956
0,0,0.00011946078
1,1,0.9590485
1,1,0.9893906
0,0,0.00011947104
0,0,0.00012866475
0,0,0.00011952048
1,1,0.99621314
1,1,0.999761
1,1,0.9995578
1,1,0.9707867
0,0,0.00011946933
1,1,0.9986988
1,1,0.9997675
1,1,0.9989786
0,0,0.00011948289
1,1,0.99976057
1,1,0.9996653
1,1,0.9989237
0,0,0.00011946899
0,0,0.00011946056
1,1,0.98361915
0,0,0.000119975746
1,1,0.9995794
0,0,0.00011946215
0,0,0.00011946911
0,0,0.00011948744
0,0,0.00011948095
0,0,0.000119496886
1,1,0.9992592
1,1,0.992818
0,0,0.00011983192
0,0,0.000119467964
0,0,0.00011950179
1,1,0.9983185
0,0,0.0001194879
1,1,0.9971656
0,0,0.00011964968
0,0,0.00013637403
1,0,0.00011950646
1,1,0.99978304
0,0,0.000121835816
0,0,0.00011946831
1,1,0.7274676
0,0,0.00011946853
1,1,0.9997585
1,1,0.99965584
0,0,0.0001194674
0,0,0.000119467506
1,1,0.9997851
1,1,0.9997648
0,0,0.00011951182
0,0,0.00011951034
1,1,0.99895877
1,1,0.9957819
1,0,0.0001194699
1,1,0.999768
0,0,0.00011948095
0,0,0.00011946329
1,1,0.9997842
0,0,0.000119489836
0,0,0.00011946774
0,0,0.00011951581
0,0,0.00011946329
1,1,0.99922717
1,1,0.9989525
0,0,0.00011975378
0,0,0.00011951079
0,0,0.0001194674
1,1,0.99929786
0,0,0.000119477765
0,0,0.00012135266
1,1,0.99978095
1,1,0.9981193
1,1,0.99978966
1,1,0.99859047
0,0,0.00011946078
1,1,0.9996762
0,0,0.000119637356
0,0,0.0001195418
0,0,0.00012030684
0,0,0.00012105771
1,0,0.00011951193
0,0,0.00011946603
0,0,0.00011948016
0,0,0.00011978405
0,0,0.00011946785
0,0,0.000119914104
1,0,0.00011955856
1,1,0.99978447
0,0,0.00011949427
1,1,0.9993305
0,0,0.000119548524
0,0,0.00011947617
1,1,0.99978626
1,1,0.9996587
1,1,0.99924344
0,0,0.000119619675
0,0,0.00011948323
1,1,0.99893636
0,0,0.00012091858
0,0,0.00011949177
0,0,0.00011962298
1,1,0.9993514
1,0,0.000119481185
0,0,0.00011947298
0,0,0.00011976063
0,0,0.00011948016
1,0,0.000119570985
0,0,0.00011948756
1,1,0.9994056
1,1,0.9769527
0,0,0.00011947617
1,1,0.9990596
1,1,0.99265647
0,0,0.000119477765
1,1,0.99951535
1,1,0.9995606
1,1,0.99931484
0,0,0.000119569275
0,0,0.00011946842
0,0,0.00011959471
0,0,0.000119520024
1,1,0.99963915
0,0,0.00011946227
1,0,0.000119494835
1,1,0.999599
1,1,0.99586225
1,0,0.1404365
0,0,0.000119494835
0,0,0.00033195675
0,0,0.00011946261
1,1,0.9949223
1,1,0.999275
0,0,0.0001195312
0,0,0.00011951387
1,1,0.9406672
0,0,0.00011946511
1,0,0.00012003251
0,0,0.00011945703
1,1,0.9993664
0,0,0.00011947765
1,0,0.00011968734
1,1,0.96669614
1,1,0.9953204
1,0,0.4474976
1,1,0.99556714
0,0,0.000121542354
0,0,0.000119486875
1,1,0.9994158
1,1,0.99664575
0,0,0.000119587756
1,1,0.99978554
0,0,0.00011946181
1,0,0.4554061
1,1,0.999769
0,0,0.00011947047
0,0,0.00011947583
0,0,0.000119961915
1,1,0.99975574
1,1,0.97314346
0,0,0.000119470584
1,0,0.25394222
0,0,0.0001196052
0,0,0.00011946078
0,0,0.000119464086
0,0,0.00012041001
0,0,0.00011947765
1,1,0.99094903
0,0,0.00011947742
0,0,0.00011947503
0,0,0.00011946147
1,1,0.9389328
0,0,0.000119462384
1,1,0.9997601
1,1,0.93624383
1,1,0.9989333
1,1,0.99967283
1,0,0.000120090204
1,1,0.9983965
0,0,0.00011947389
0,0,0.000119476965
1,1,0.9995469
1,1,0.9993892
1,1,0.9993214
1,0,0.0001194797
1,1,0.999769
0,0,0.00011954932
0,0,0.00011947537
1,1,0.99559546
0,0,0.00011946591
1,1,0.9966668
1,1,0.9994385
1,1,0.9991826
1,1,0.99867034
0,0,0.00011958798
0,0,0.000119506
0,0,0.000119884484
1,1,0.9997535
1,1,0.9974673
1,1,0.99942535
1,1,0.99948573
1,1,0.96233755
1,1,0.9993757
0,0,0.00011961113
1,1,0.99851257
1,1,0.9995458
0,0,0.00011949974
1,1,0.99977434
0,0,0.00011947081
1,1,0.9931232
1,1,0.9995916
0,0,0.00011995288
0,0,0.00011953724
1,0,0.00011968106
0,0,0.00011947081
0,0,0.000119454635
0,0,0.00011946933
0,0,0.00011946181
0,0,0.0001537888
0,0,0.00011949006
1,1,0.99930537
0,0,0.000119564946
0,0,0.00011946443
0,0,0.000119481185
0,0,0.0001194674
0,0,0.00012757987
0,0,0.00012243817
1,1,0.9997776
0,0,0.00011946329
0,0,0.16060275
1,1,0.99930465
0,0,0.000119473545
0,0,0.00060244283
0,0,0.000119480384
0,0,0.00011946249
0,0,0.00011946819
0,0,0.00012016352
0,0,0.00011947366
0,0,0.00011945873
0,0,0.00011946648
1,1,0.99874395
1,0,0.00011965048
0,0,0.00011946124
0,0,0.00012025224
1,1,0.9993024
1,1,0.9996496
1,1,0.99839294
1,1,0.71382403
0,0,0.00011962378
1,1,0.99940836
0,0,0.00012130152
1,0,0.000119797754
0,0,0.000119477765
1,0,0.0002385872
0,0,0.00011947252
0,0,0.000119466255
1,1,0.9971997
1,1,0.9845686
0,0,0.00011948163
1,0,0.00011951638
1,0,0.06787788
1,1,0.99935484
1,1,0.999112
0,0,0.00011959768
0,0,0.00011946432
0,0,0.00011947503
0,0,0.000119470016
0,0,0.00011949052
1,1,0.9987225
1,1,0.99978584
1,1,0.9985461
0,0,0.00011947765
1,1,0.9994669
0,0,0.000119716795
1,1,0.9987925
0,0,0.00012334081
1,0,0.28715983
0,0,0.00012788374
1,1,0.9997639
0,0,0.000120549026
0,0,0.00011947902
0,0,0.00011994338
0,0,0.00011946352
0,0,0.00012199903
1,1,0.99975634
1,1,0.9990266
0,0,0.00011946443
1,0,0.00011950498
1,1,0.9954865
0,0,0.00011949746
0,0,0.00011956551
0,0,0.00011949951
1,1,0.99915683
1,1,0.99845624
0,0,0.00011949098
1,1,0.99725246
1,1,0.9997659
1,1,0.99941546
0,0,0.00011987751
0,0,0.00011948152
0,0,0.00011946899
0,0,0.0001194674
1,0,0.00011949928
0,0,0.00011947081
1,1,0.999786
1,1,0.999788
0,0,0.00011946603
0,0,0.000119468874
0,0,0.00011948448
1,1,0.9996449
0,0,0.000119471384
1,1,0.9969786
0,0,0.00011946603
0,0,0.00011945907
1,1,0.9996301
1,1,0.94099975
1,1,0.6335261
0,0,0.00011949609
1,1,0.9982777
0,0,0.00012061237
1,1,0.9981758
0,0,0.00011947537
0,0,0.00011946648
1,1,0.9997851
1,1,0.99948436
1,1,0.9971197
1,1,0.9994231
0,0,0.00011946215
1,1,0.9997814
0,0,0.0001202136
1,1,0.99151534
1,0,0.00012009043
0,0,0.00011946648
0,0,0.00012005952
0,0,0.00011948505
1,1,0.58411413
0,0,0.00012423674
1,1,0.96440905
0,0,0.000119491204
0,0,0.00011946557
1,0,0.00012014862
0,0,0.00011946614
1,1,0.9997772
1,1,0.9985203
0,0,0.00011948573
0,0,0.00011946762
1,0,0.115805514
0,0,0.0001202057
1,1,0.9997091
1,1,0.9976453
0,0,0.0001195125
1,1,0.99844253
1,1,0.98492664
0,0,0.000119658245
1,1,0.99978495
0,0,0.00011957783
1,0,0.00011981044
1,1,0.9245583
1,1,0.999548
0,0,0.00011957395
1,1,0.9997746
0,0,0.00011947674
1,1,0.9972709
1,0,0.00011984027
0,0,0.00011949177
1,1,0.9961695
0,0,0.00011948847
1,0,0.0001446941
1,1,0.99968815
0,0,0.00012212229
1,0,0.51233804
0,0,0.000119468874
0,0,0.000119471726
0,0,0.000119718854
0,0,0.00011945748
1,1,0.9943115
1,1,0.9997603
1,1,0.55840945
1,0,0.000119542485
0,0,0.00011946911
0,0,0.00011947298
0,0,0.000119465796
0,0,0.00011948893
0,0,0.0001233447
0,0,0.00011960361
0,0,0.00011959927
1,1,0.9994155
0,0,0.000119461016
0,0,0.000120029305
1,1,0.99976474
0,0,0.000119468765
1,1,0.9997867
0,0,0.000119469674
1,1,0.9993551
0,0,0.00012017234
1,1,0.99949527
0,0,0.000119463744
0,0,0.00011946158
0,0,0.00011946819
1,0,0.00013569342
0,0,0.00011963576
0,0,0.00012044997
0,0,0.00011947378
0,0,0.00011951387
1,1,0.9997866
1,1,0.9955709
1,1,0.9997846
1,1,0.99941015
0,0,0.000119465796
1,1,0.99978185
1,1,0.60473377
1,0,0.000119914104
0,0,0.000119476965
1,1,0.99978775
1,1,0.9995509
0,0,0.00011946249
1,0,0.00011948027
0,0,0.00012035548
1,1,0.99664885
0,0,0.000119492455
0,0,0.00011949018
1,0,0.0015681577
1,1,0.9995509
1,1,0.9976616
0,0,0.00012023481
1,1,0.99937135
1,1,0.9997871
0,0,0.00011946398
0,0,0.00011947104
1,1,0.9996165
0,0,0.00011946158
1,0,0.000119585355
0,0,0.000119487326
1,1,0.99973935
0,0,0.00011949609
0,0,0.00011947241
0,0,0.00011946808
1,0,0.00011972159
1,1,0.99936205
1,1,0.99924237
0,0,0.00011947378
1,1,0.9996643
1,1,0.9993588
1,0,0.00011950942
1,0,0.00026528188
0,0,0.00011945828
0,0,0.000119470926
1,0,0.00011953781
1,1,0.9997658
1,1,0.9997571
1,1,0.9996128
0,0,0.00011947902
1,1,0.99954295
1,0,0.00011949495
0,0,0.00011946329
1,1,0.99601066
1,1,0.9994231
0,0,0.00011946569
0,0,0.00011946261
1,1,0.9795372
0,0,0.00012031877
1,1,0.9996625
1,1,0.9997161
1,1,0.9857562
0,0,0.00011947036
0,0,0.00012049764
0,0,0.00011947115
0,0,0.000119469216
1,0,0.00017194658
0,0,0.00011945714
0,0,0.00011946295
1,1,0.99791515
1,1,0.99892396
0,0,0.00011946044
0,0,0.00012874647
0,0,0.000119461925
1,1,0.9996965
0,0,0.00011945907
1,1,0.99971485
1,0,0.00011961648
0,0,0.00011946728
0,0,0.00011960532
1,1,0.99929637
0,0,0.00011945862
0,0,0.00011951604
0,0,0.000119467506
1,0,0.39110166
0,0,0.00011947594
0,0,0.00011947674
0,0,0.00012477669
1,0,0.000119591175
0,0,0.000119467964
0,0,0.00011946033
0,0,0.00011946136
0,0,0.00011946249
0,0,0.000119455086
1,1,0.99978644
0,0,0.000119492455
1,0,0.000119559925
0,0,0.000119502816
0,0,0.000119470926
0,0,0.00011957384
1,1,0.9993826
1,1,0.9992631
0,0,0.00014422643
0,0,0.00011948551
1,0,0.008781694
0,0,0.000119469674
1,0,0.00011948323
0,0,0.00012090036
1,1,0.9981851
0,0,0.00011946295
1,1,0.9997104
0,0,0.00012115391
0,0,0.000119467964
0,0,0.00011946056
1,1,0.9287082
0,0,0.00011946774
0,0,0.00011946671
1,1,0.8219585
1,1,0.9886527
0,0,0.00011946147
0,0,0.00013122072
1,1,0.99959373
0,0,0.00011945486
1,1,0.99968904
1,1,0.9994552
0,0,0.000119464545
1,1,0.99957293
1,1,0.9995456
1,1,0.99523646
1,1,0.99904525
0,0,0.000119637014
0,0,0.000119467164
0,0,0.00011950087
0,0,0.00011946956
0,0,0.000119461125
1,1,0.99915534
1,1,0.64146644
0,0,0.00011945452
0,0,0.0001194822
1,1,0.9964486
1,1,0.99971855
0,0,0.00011947286
0,0,0.0001195654
1,1,0.99191433
0,0,0.00011947537
0,0,0.00011972273
0,0,0.000119464086
1,1,0.9983204
0,0,0.00011945873
0,0,0.00011946306
0,0,0.00011946614
1,1,0.999554
1,0,0.00011947127
0,1,0.70616555
0,0,0.0001194928
0,0,0.00011948368
1,1,0.99825877
1,1,0.9253742
1,1,0.9997273
1,1,0.99922276
0,0,0.00011947024
1,0,0.00012660949
0,0,0.00011998261
0,0,0.00011946956
1,1,0.9987036
1,0,0.000119487326
0,0,0.0001194544
1,1,0.9554417
1,1,0.79189825
1,0,0.00011948756
1,1,0.9997576
1,1,0.9860209
0,0,0.000119471835
1,0,0.00012426575
0,0,0.00011947879
1,0,0.00011951022
1,1,0.9814057
1,1,0.99628234
1,1,0.9993019
1,1,0.99974304
0,0,0.00011946569
1,1,0.98972076
1,0,0.00011950065
0,0,0.00012373722
1,1,0.99928254
0,0,0.00011947423
0,0,0.000119470584
0,0,0.00011946204
1,1,0.99896955
0,0,0.000119461925
0,0,0.00011947491
1,0,0.00011950316
0,0,0.0001194642
1,1,0.99969596
0,0,0.00011946911
0,0,0.00012274092
0,0,0.00011947081
0,0,0.00012037809
0,0,0.000119464545
0,0,0.00012245697
0,0,0.000119460674
1,1,0.9957319
1,1,0.9472014
0,0,0.00011946261
1,1,0.99955946
1,1,0.9178991
1,1,0.9995724
1,1,0.99964404
1,1,0.99956435
0,0,0.00011964934
1,1,0.9997726
0,0,0.00012060029
0,0,0.0001201217
1,1,0.53020686
1,1,0.9997888
0,0,0.00011946386
1,1,0.99950516
1,1,0.9993597
0,0,0.00011946671
1,1,0.9182562
0,0,0.000119473545
0,0,0.00011950395
1,1,0.99917513
0,0,0.000119468765
1,1,0.99746317
0,0,0.00012363262
1,1,0.99970645
1,1,0.99968463
1,1,0.987095
1,0,0.0001194994
1,1,0.99818254
1,1,0.99689215
1,1,0.99455905
1,1,0.99873173
0,0,0.00011947241
1,1,0.9993436
0,0,0.000119464086
0,0,0.00011965653
0,0,0.000119467964
0,0,0.000119496544
0,0,0.00011946785
0,0,0.00011947047
1,1,0.8533738
1,1,0.9996212
0,0,0.000119465796
0,0,0.00012399271
1,1,0.9957596
0,0,0.000119525044
0,0,0.000119462384
1,1,0.60489476
0,0,0.00011947161
1,1,0.9953618
1,0,0.000120091805
0,0,0.000119470125
0,0,0.00011947081
1,0,0.41802725
0,0,0.00011945885
1,1,0.99796075
0,0,0.00011947218
1,1,0.9997867
1,1,0.9966479
1,1,0.8416571
1,1,0.997314
1,1,0.9991255
1,0,0.000120280114
1,1,0.99753475
0,0,0.00011946762
1,1,0.99945533
1,1,0.9997837
0,0,0.00011946432
1,1,0.998096
1,1,0.9990578
0,0,0.000119468874
1,1,0.9985259
0,0,0.0001194699
0,0,0.00011947651
1,1,0.99945885
1,1,0.9894534
1,0,0.000119489494
1,1,0.9997834
0,0,0.00011946774
0,0,0.000120182776
0,0,0.000119468765
0,0,0.00011946603
0,0,0.000119461925
0,0,0.0001255259
1,0,0.42893353
1,1,0.99976057
1,1,0.99978024
0,0,0.000119486984
0,0,0.00011947457
1,1,0.9994459
1,0,0.000119520824
0,0,0.00012069521
1,1,0.9985696
0,0,0.00011947811
0,0,0.00011947549
0,0,0.00011954351
1,1,0.99786144
0,0,0.000119528006
1,1,0.9994844
1,0,0.00011949951
0,0,0.00011946398
1,1,0.9978792
0,0,0.00012181699
1,1,0.99974483
1,0,0.0018343376
1,1,0.9987633
0,0,0.00011946511
0,0,0.00011958171
0,0,0.00011950817
1,1,0.9996558
1,1,0.99673957
1,1,0.9991514
0,0,0.00011947127
1,1,0.9997105
1,1,0.9736301
0,0,0.00011957749
1,1,0.9985509
0,0,0.00011947685
0,0,0.00011955878
0,0,0.00011946204
0,0,0.000119466255
0,0,0.00012087581
0,0,0.00011981843
0,0,0.00011965516
0,0,0.00011945805
1,1,0.9984465
1,1,0.7808493
1,1,0.9997874
0,0,0.00011946181
0,0,0.00011946944
0,0,0.0001194601
1,1,0.9988496
1,1,0.9995597
0,0,0.00011949415
0,0,0.00011965048
0,0,0.00011946261
0,0,0.00011948927
1,1,0.9995817
0,0,0.000119465796
0,0,0.000119465796
0,0,0.00012238785
0,0,0.00011947674
1,0,0.00011957589
0,0,0.00011976657
0,0,0.00011945987
0,0,0.00011947161
0,0,0.000120114135
1,0,0.0015569913
1,1,0.9995477
0,0,0.00011947936
1,0,0.00012265833
0,0,0.000119462726
1,1,0.99976194
1,1,0.9989388
1,1,0.99947345
1,1,0.9515218
0,0,0.00011947753
1,0,0.00011967935
0,0,0.00012235483
1,0,0.00012010967
0,0,0.000119470926
1,1,0.97680193
1,1,0.9994843
1,1,0.99747384
1,1,0.998864
0,0,0.000119474
0,0,0.00011946911
0,0,0.0001208236
0,0,0.00011947081
0,0,0.00011947298
0,0,0.000119659155
1,1,0.98653865
1,1,0.9966198
1,1,0.99957985
0,0,0.00011946728
1,1,0.9997663
0,0,0.00011949769
0,0,0.00011952356
0,0,0.000119461016
0,0,0.00011983809
0,0,0.000119473094
0,0,0.000119463744
0,0,0.00011946671
1,1,0.99973303
0,0,0.000119472636
1,0,0.00012106325
1,1,0.9996759
1,1,0.998541
1,1,0.9997628
1,1,0.9997453
0,0,0.000119466255
1,1,0.9974896
0,0,0.00011947207
0,0,0.00011948573
0,0,0.0001194666
1,1,0.99375176
1,1,0.99977374
1,1,0.99943477
0,0,0.00012025338
1,1,0.9986858
0,0,0.00011946603
0,0,0.00011946386
1,1,0.99762726
1,0,0.012538803
0,0,0.000119529715
1,0,0.16466194
0,0,0.00011946728
1,1,0.976047
0,0,0.000119463744
1,1,0.99973834
1,1,0.86558485
1,0,0.2731441
0,0,0.00011946158
0,0,0.000119619675
0,0,0.00011948744
1,1,0.9997792
1,0,0.00012040014
1,1,0.99940926
0,0,0.00011946147
1,1,0.9997869
1,1,0.99764705
0,0,0.000119459306
0,0,0.000119485616
0,0,0.00013742289
0,0,0.00011990564
0,0,0.00011946648
1,1,0.99869347
1,1,0.9989891
1,1,0.9977741
1,1,0.9997096
1,1,0.9923221
0,0,0.00011954055
1,0,0.000119501674
1,1,0.9997893
0,0,0.00011946124
1,0,0.00011973118
1,1,0.69040275
1,1,0.99973744
0,0,0.0001194674
1,0,0.0001278529
0,0,0.000119511365
1,1,0.99933964
0,0,0.00011979079
1,1,0.99946153
0,0,0.00011947457
0,0,0.00011947149
0,0,0.00011946682
1,1,0.99978733
1,1,0.99932045
1,0,0.00011973893
0,0,0.000119464545
0,0,0.0001194552
0,0,0.00011946147
0,0,0.00011948016
1,0,0.00011967935
1,1,0.9993301
0,0,0.00011954021
1,0,0.00011948231
1,1,0.9989288
0,0,0.00011946569
1,1,0.99978447
1,1,0.99876183
1,1,0.9315239
1,1,0.9980607
1,1,0.9992291
1,1,0.9996779
1,1,0.999629
1,1,0.99858457
1,0,0.00012101963
1,0,0.00011955035
1,1,0.9804738
0,0,0.00011947583
0,0,0.00011947412
1,1,0.9991546
1,1,0.9950332
0,0,0.00011950053
1,1,0.9919965
0,0,0.00022952401
0,0,0.000119464545
1,1,0.9997851
0,0,0.00011947913
0,0,0.00011952607
0,0,0.00011946158
0,0,0.00012372177
1,1,0.99875724
0,0,0.000121050434
0,0,0.00012051282
0,0,0.00011946295
1,1,0.99936604
0,0,0.00011946842
0,0,0.00011946511
1,1,0.9997838
0,0,0.00012090682
1,1,0.999737
0,0,0.00011955582
0,0,0.00011968894
1,1,0.9994547
1,1,0.9949892
1,1,0.99976367
0,0,0.000119465796
1,1,0.9979568
0,0,0.00011946557
1,0,0.00011946785
1,1,0.9386648
1,0,0.00011949746
1,1,0.9994289
1,0,0.00012373191
0,0,0.000119804725
1,1,0.9996836
1,1,0.99802524
0,0,0.00011945703
0,0,0.2686552
0,0,0.00011947982
1,1,0.99912465
0,0,0.0001197007
0,0,0.00011946386
1,1,0.999784
1,1,0.99978274
0,0,0.00011946398
1,1,0.99940735
1,1,0.9996399
1,1,0.9992276
1,1,0.9992486
0,0,0.000119830205
0,0,0.00011947799
1,1,0.99978316
0,0,0.000119467964
1,1,0.9995733
1,1,0.9997832
0,0,0.000119465345
0,0,0.000119470584
0,0,0.00011953929
0,0,0.000120925375
1,0,0.00011947742
0,0,0.000119470584
0,0,0.000120091005
1,1,0.9997876
1,1,0.9995254
0,0,0.00011946033
0,0,0.00011946295
0,0,0.00011946785
1,1,0.95571226
1,1,0.9988971
0,0,0.024586402
0,0,0.00011946899
0,0,0.000119465345
1,1,0.999784
1,1,0.9997558
0,0,0.000119467964
1,0,0.00013201252
1,1,0.99212885
0,0,0.00011947024
0,0,0.00011951113
1,1,0.99926174
1,1,0.9789342
0,0,0.00011949358
1,1,0.9997556
0,0,0.000119486984
0,0,0.00011946785
1,1,0.9995925
1,1,0.99063694
1,1,0.9997691
1,1,0.99978966
1,0,0.000119545104
1,1,0.99979126
0,0,0.00011947275
1,0,0.00011950441
0,0,0.00011946306
1,1,0.9995915
0,0,0.000119463635
0,0,0.00012214138
1,1,0.9986301
1,1,0.99751586
1,1,0.9995363
0,0,0.00011946911
0,0,0.00011967364
1,1,0.9991942
0,0,0.00011946215
0,0,0.0001194552
1,1,0.9995326
1,1,0.9997287
1,1,0.9992939
1,1,0.99968815
0,0,0.00011947879
0,0,0.000119474
0,0,0.00011946569
0,0,0.00011947617
1,1,0.7877814
0,0,0.00011947845
0,0,0.00011951513
1,1,0.999678
1,1,0.99963313
0,0,0.00012163198
1,1,0.999777
1,1,0.95991397
0,0,0.000120688645
1,1,0.96235406
0,0,0.0001194634
0,0,0.00011951216
0,0,0.000119469216
0,0,0.00011946398
0,0,0.0001195019
0,0,0.00011947286
0,0,0.00011956278
1,1,0.99533767
1,1,0.7025657
1,1,0.99927056
0,0,0.00011945839
0,0,0.000119465345
1,1,0.9992865
1,1,0.99949765
1,1,0.9955931
0,0,0.00011945919
1,0,0.00011948995
0,0,0.000119470125
0,0,0.00011953371
0,0,0.0001194544
0,0,0.00012093645
1,0,0.00011948482
1,1,0.9899823
1,1,0.9997313
0,0,0.00011946819
1,1,0.95495725
1,0,0.030009942
0,0,0.00011980678
0,0,0.000119465454
1,1,0.9997859
1,1,0.99691874
0,0,0.0001194879
0,0,0.00011946728
0,0,0.00011981352
1,1,0.9975603
1,1,0.9997868
1,1,0.9962771
1,1,0.9956248
1,0,0.00012280626
0,0,0.000119460216
1,1,0.9961826
1,1,0.998003
1,1,0.99862725
0,0,0.00018806531
0,0,0.00011947389
0,0,0.000119467506
0,0,0.00011945953
1,1,0.9985306
1,0,0.00012170089
0,0,0.00012761477
0,0,0.00011948084
0,0,0.00011950749
1,1,0.99503684
0,0,0.00011950441
0,0,0.00011956449
0,0,0.00011952527
0,0,0.00011949529
0,0,0.00011946569
0,0,0.000119473094
1,0,0.00011948277
1,1,0.9988864
0,0,0.0001218781
1,1,0.9838532
1,1,0.8198475
0,0,0.00011946762
0,0,0.00011947469
1,1,0.9993855
1,1,0.99932474
1,1,0.9966981
1,1,0.9996318
0,0,0.000119520024
0,0,0.000119465796
0,0,0.00012692147
1,1,0.99881476
0,0,0.00011950065
0,0,0.00011955525
0,0,0.00011947446
1,1,0.9935878
1,0,0.000119473094
0,0,0.00011949746
1,1,0.99877185
0,0,0.000119492346
0,0,0.000119473436
0,0,0.00011946511
0,0,0.00012100867
0,0,0.00011954294
1,0,0.0001208539
0,0,0.000119464545
1,1,0.99841756
1,1,0.9992866
0,0,0.00013335871
0,0,0.000119465
0,0,0.00011956129
0,0,0.00012256631
0,0,0.00011948163
1,1,0.99952275
0,0,0.0001194797
1,0,0.00011952983
1,1,0.99597645
1,1,0.595002
0,0,0.00011951513
0,0,0.000119475146
0,0,0.00014266484
0,0,0.00011974967
1,0,0.00011946158
0,0,0.00011950555
0,0,0.000119462835
0,0,0.00011946648
1,0,0.000120569704
1,1,0.99941885
1,1,0.8011698
1,1,0.9965004
0,0,0.0001194707
1,1,0.9997769
1,1,0.9995667
1,0,0.2488068
0,0,0.000119465
1,1,0.99937034
0,0,0.00011962036
1,1,0.99978995
0,0,0.00011946329
0,0,0.000119467055
1,1,0.9988396
1,1,0.99978316
0,0,0.0001194838
0,0,0.000119458964
0,0,0.00013678151
1,1,0.9978416
0,0,0.00011953713
1,1,0.9985455
0,0,0.00011947571
1,1,0.8956375
1,1,0.9996617
1,1,0.99876726
0,0,0.00011964272
1,1,0.9997154
1,1,0.9997154
0,0,0.00011946785
0,0,0.00011946204
1,0,0.00011947195
0,0,0.00011946329
0,0,0.00011950179
1,1,0.9997342
0,0,0.00014711075
1,0,0.00083268184
1,1,0.9995256
1,1,0.9973483
1,0,0.19339918
1,1,0.99972975
0,0,0.00011947685
0,0,0.00011947036
0,0,0.00011946124
1,1,0.99342316
1,1,0.99978495
0,0,0.000119666234
0,0,0.000119475146
0,0,0.00011946762
1,1,0.99623287
1,1,0.5864107
1,1,0.99415666
1,1,0.7826837
0,0,0.000119460674
0,0,0.00011946648
0,0,0.00011946978
0,0,0.000119459306
1,1,0.99974144
0,0,0.000119479584
0,0,0.00013348376
0,0,0.000119484364
1,1,0.99978864
1,1,0.99839324
1,1,0.9747798
1,1,0.9914311
1,0,0.00011946386
1,1,0.99848545
0,0,0.00011947731
1,1,0.95837176
1,1,0.9990891
0,0,0.00011950179
1,1,0.9993813
1,1,0.9997543
1,1,0.9986425
1,1,0.99828357
0,0,0.00011947491
0,0,0.00011948141
1,1,0.9993732
1,1,0.99866027
0,0,0.00011952436
0,0,0.000119518205
0,0,0.000119465345
0,0,0.00011945999
0,0,0.000119476055
1,1,0.9586736
0,0,0.00011986917
1,1,0.9982327
0,0,0.000119465345
0,0,0.00011947446
1,1,0.9997895
0,0,0.00011946774
0,0,0.00011985465
1,1,0.99898547
0,0,0.00012058535
0,0,0.000119468874
0,0,0.00011946648
1,1,0.9995652
1,1,0.998674
1,1,0.9995249
1,1,0.9997846
1,1,0.99885994
1,1,0.99504083
1,0,0.00011953337
1,1,0.9997285
1,1,0.9993592
0,0,0.00011974247
0,0,0.000119471835
1,1,0.9986875
0,0,0.00011956278
0,0,0.0001194674
1,1,0.9997217
0,0,0.00011962663
1,1,0.9993977
0,0,0.000121085875
1,1,0.9992762
0,0,0.0001194699
1,1,0.9996232
0,0,0.00011946443
1,1,0.99947184
0,0,0.00011947583
0,0,0.00011946808
1,1,0.999781
0,0,0.000119469674
1,1,0.99874145
1,1,0.9997308
0,0,0.000119476055
1,1,0.9994853
1,0,0.00012637007
0,0,0.00011946181
0,0,0.00011947366
1,1,0.9997343
1,1,0.9980767
0,0,0.000119486074
0,0,0.00011974304
1,1,0.9996128
0,0,0.00011954909
1,0,0.00011948539
1,0,0.00012098374
0,0,0.00012280498
1,1,0.99728084
1,1,0.9987865
0,0,0.00011949849
0,0,0.0001194674
0,0,0.0001194879
1,1,0.96045727
0,0,0.00012695682
0,0,0.00011955126
0,0,0.00011948186
1,1,0.999705
0,0,0.00011949006
1,0,0.001460753
1,1,0.9995168
1,1,0.9994238
1,1,0.9997772
1,1,0.9111749
1,1,0.9858385
1,0,0.00011958798
0,0,0.0001194699
1,1,0.9996892
1,1,0.99829054
1,1,0.9987211
0,0,0.000119470926
0,0,0.00012202533
0,0,0.00011945885
1,0,0.00011990438
1,1,0.997986
1,1,0.99230415
1,1,0.99887145
0,0,0.00011950851
0,0,0.00011948163
0,0,0.000119473436
1,1,0.99966764
1,1,0.99415797
0,0,0.00011947457
0,0,0.00011947617
0,0,0.00012376615
1,1,0.99805135
0,0,0.00012007979
1,1,0.98790926
1,1,0.9990706
1,1,0.99969614
1,1,0.99956846
1,1,0.99924326
1,1,0.91792226
1,1,0.99825716
0,0,0.000120208664
0,0,0.00012117967
0,0,0.00011947765
1,0,0.0001194879
1,0,0.00012869724
1,1,0.999396
0,0,0.00011958376
0,0,0.00011946648
1,1,0.9973147
0,0,0.00011946158
1,0,0.000119533026
1,1,0.9997726
1,1,0.9869763
1,1,0.9996974
0,0,0.00011946933
0,0,0.00011946682
0,0,0.00011946682
0,0,0.00011946671
0,0,0.000119493925
1,0,0.00012275157
0,0,0.00011946842
0,0,0.00014219817
0,0,0.000119473436
1,1,0.9997086
1,1,0.9997782
0,0,0.00011965961
1,1,0.9997845
1,1,0.9796626
0,0,0.000119471835
0,0,0.00012157249
1,1,0.9996298
1,1,0.99934506
0,0,0.000119471384
0,0,0.000119465796
0,0,0.00011945429
1,1,0.99914825
0,0,0.00011956049
0,0,0.00012511326
1,1,0.9991282
0,0,0.000119681405
0,0,0.00011947149
0,0,0.00011948243
1,0,0.00011949962
0,0,0.00011946569
0,0,0.00011957749
0,0,0.0001194617
0,0,0.00011946865
1,1,0.9997755
0,0,0.00012060961
0,0,0.000119461125
0,0,0.00011948767
1,1,0.9980273
1,0,0.000119498145
1,1,0.9996909
1,1,0.9997794
1,0,0.00043306124
0,0,0.00011962766
0,0,0.00011979455
1,1,0.9997742
1,1,0.9995445
1,1,0.99500036
1,1,0.9983398
0,0,0.000119605545
1,0,0.00011968323
0,0,0.00011949575
0,0,0.0001194707
0,0,0.000119475255
1,0,0.00011958764
1,1,0.9997837
1,1,0.99956924
0,0,0.00011948323
0,0,0.00011953462
0,0,0.0001195027
0,0,0.000119636105
1,1,0.9995559
0,0,0.000119465796
0,0,0.00011945703
1,1,0.799548
0,0,0.00011949269
1,1,0.99790365
0,0,0.00011946762
0,0,0.00011947081
1,1,0.9996331
0,0,0.000119465796
0,0,0.00011952653
1,1,0.99943066
1,1,0.99978614
0,0,0.00012020708
0,0,0.00011947753
1,0,0.00012565464
0,0,0.00011968483
0,0,0.00011952299
0,0,0.00011954624
0,0,0.0001194732
1,1,0.99929076
1,1,0.99845576
1,1,0.9997015
1,1,0.99978524
1,1,0.99976826
1,1,0.9996451
0,0,0.000120372126
1,1,0.9996214
1,1,0.9972884
0,0,0.00011951193
0,0,0.00011945486
0,0,0.00011958399
0,0,0.00012629789
1,1,0.99297035
0,0,0.00011947924
1,1,0.974181
0,0,0.0001194617
1,1,0.9992308
1,1,0.98561877
1,1,0.9729918
0,0,0.00011959061
1,1,0.99903
0,0,0.00011984187
0,0,0.00016801745
1,1,0.9997666
1,1,0.9986189
0,0,0.0001194838
0,0,0.000119462726
0,0,0.000119459306
1,1,0.9990599
1,0,0.00012035846
0,0,0.00011947662
1,1,0.9996069
1,1,0.68504596
0,0,0.0001194674
1,1,0.99976367
0,0,0.00011945999
1,1,0.9997455
0,0,0.0001194732
1,1,0.99929786
0,0,0.000119462384
0,0,0.00011956358
1,1,0.9993209
1,1,0.99886477
0,0,0.00011946158
0,0,0.00011946249
0,0,0.00011946432
1,1,0.9996339
1,1,0.99969107
0,0,0.00011946523
1,1,0.9989608
1,1,0.99946266
1,1,0.99878603
0,0,0.000119470926
1,1,0.999334
1,1,0.99845606
0,0,0.00011953234
0,0,0.0001315244
0,0,0.00011946295
0,0,0.000119462384
1,1,0.9997725
0,0,0.0001194634
1,0,0.00011948107
0,0,0.00012068256
0,0,0.000119480384
1,0,0.00014635717
0,0,0.00011961785
0,0,0.00011946147
1,1,0.9995589
0,0,0.00011951284
1,1,0.9982859
0,0,0.00011970595
1,1,0.9993954
1,1,0.99921966
0,0,0.000119464086
1,1,0.9997765
0,0,0.00011984621
1,1,0.8696946
1,1,0.9985608
1,1,0.9997773
0,0,0.000119565055
0,0,0.0001194838
1,1,0.9985804
1,1,0.9995708
0,0,0.00012077362
0,0,0.000119467164
1,1,0.71089244
1,1,0.99955773
1,1,0.99061775
0,0,0.00012717527
1,1,0.99901104
0,0,0.00011946078
0,0,0.0001194764
1,1,0.9989108
1,1,0.99971116
0,0,0.00011949849
1,1,0.9950467
1,1,0.8482363
1,1,0.99899274
0,0,0.000119467506
1,1,0.9987157
1,1,0.9996299
1,1,0.99889857
0,0,0.000119480384
0,0,0.000119457254
1,1,0.99530107
1,1,0.9997187
1,1,0.99975383
1,1,0.96204275
0,0,0.00011947024
0,0,0.000119454744
1,1,0.999785
0,0,0.00011946318
0,0,0.00012580714
0,0,0.00011948893
1,1,0.99572647
0,0,0.00012300209
1,1,0.99875563
1,1,0.99705464
1,1,0.99973506
1,0,0.00011948494
0,0,0.00011946477
1,1,0.9997845
0,0,0.00011953154
0,0,0.000119537355
0,0,0.0001194674
0,0,0.000121234574
0,0,0.00011946831
0,0,0.00011946489
0,0,0.000120808625
1,1,0.99937785
0,0,0.00011946249
1,1,0.9997161
0,0,0.00011947583
1,1,0.9996229
1,1,0.76928145
0,0,0.00011949746
0,0,0.00011947719
0,0,0.00011950851
1,1,0.9987694
0,0,0.000119471384
1,1,0.9995367
0,0,0.00011946831
1,1,0.9995071
1,1,0.9997823
1,1,0.99943113
1,1,0.9857645
0,0,0.00011947275
0,0,0.00011947229
0,0,0.0001194634
0,0,0.00011948448
1,1,0.99964726
1,0,0.00012378476
1,1,0.9996886
1,1,0.9992493
0,0,0.000119473436
0,0,0.000119491546
1,1,0.99923027
1,1,0.9853746
1,0,0.0022414026
1,0,0.00011953861
1,1,0.99492913
1,0,0.00012135938
0,0,0.0001194846
1,1,0.988222
0,0,0.00011950863
0,0,0.00012819032
0,0,0.00011953325
0,0,0.00011948209
0,0,0.00011947389
0,0,0.00011946477
0,0,0.00012150586
0,0,0.00011946911
1,1,0.95721865
1,1,0.99285513
0,0,0.00012033035
1,1,0.9990867
0,0,0.000119478216
0,0,0.00011966566
0,0,0.000119721364
1,1,0.99956685
0,0,0.0001194822
0,0,0.000119468765
0,0,0.0001200483
0,0,0.000119485616
0,0,0.0001194666
1,1,0.9111749
1,1,0.99966013
1,1,0.9987238
0,0,0.00011946477
0,0,0.000119485165
1,1,0.9946479
0,0,0.000119470125
1,1,0.9988561
0,0,0.00011946682
1,1,0.9995263
0,0,0.00011953006
0,0,0.00011948881
0,0,0.00011947731
0,0,0.00011951615
0,0,0.000119465345
1,1,0.9997243
0,0,0.000119469674
0,0,0.00011952413
1,0,0.00011951034
1,1,0.91388303
0,0,0.00011952515
0,0,0.000119467055
1,1,0.99849105
0,0,0.00012056718
0,0,0.000119468874
0,0,0.000119464086
1,1,0.9996829
0,0,0.00011946204
0,0,0.00011946853
0,0,0.00011965779
0,0,0.00011946147
0,0,0.00011948448
0,0,0.000119460216
0,0,0.00011946569
1,1,0.9978042
1,1,0.99973977
1,1,0.99948263
1,1,0.9997908
0,0,0.000120188735
0,0,0.00011945714
1,1,0.9981878
0,0,0.00011947423
0,0,0.00011946648
1,1,0.99964154
0,0,0.0001194634
0,0,0.000119630626
1,1,0.99946725
0,0,0.00011946671
0,0,0.00011946489
1,0,0.000119477765
0,0,0.00011975344
0,0,0.00011945987
0,0,0.00011950361
0,0,0.00012166851
0,0,0.00011945623
1,1,0.9994506
0,0,0.00011946853
0,0,0.0001194732
1,1,0.98495233
0,0,0.000119902325
1,1,0.94903857
0,0,0.00011946523
1,1,0.99977887
1,1,0.9995064
0,0,0.00011948573
0,0,0.00011946466
1,1,0.99953157
1,1,0.99978703
1,1,0.99976915
1,1,0.9979092
0,0,0.000119467964
0,0,0.00012075427
1,0,0.00018628046
0,0,0.00011946249
0,0,0.000119486074
0,0,0.000119483
1,1,0.9997792
1,1,0.99960935
0,0,0.000119468765
0,0,0.000119462835
1,1,0.99977857
0,0,0.000119476055
1,0,0.23106685
0,0,0.00011946694
0,0,0.00011951125
0,0,0.0001194699
1,1,0.9942409
1,0,0.000119509765
0,0,0.00011948084
1,1,0.9995191
1,1,0.9996578
1,1,0.9473652
0,0,0.00012107422
0,0,0.00013025284
0,0,0.00011946078
1,1,0.99933517
1,1,0.9997393
1,0,0.000120732155
0,0,0.00012779684
1,1,0.99855846
0,0,0.00011948664
1,1,0.9983849
0,0,0.00011981066
1,1,0.9126554
1,0,0.00012015332
0,0,0.0001194699
1,1,0.99957913
1,1,0.9621051
0,0,0.00011947207
0,0,0.00011946978
0,0,0.000119658354
0,0,0.000119470584
1,0,0.00011949324
0,0,0.000119464086
1,1,0.7643589
0,0,0.00011946489
0,0,0.000119461125
1,1,0.99977833
1,1,0.99474084
1,1,0.99932617
0,0,0.00011950224
1,1,0.9997125
0,0,0.00013037624
1,1,0.999784
1,1,0.99976224
1,1,0.9704808
0,0,0.000119470125
0,0,0.00011945873
1,1,0.99545515
0,0,0.00011948368
1,1,0.99819183
0,0,0.00011948573
0,0,0.00011947195
0,0,0.000119476965
1,1,0.81390274
0,0,0.000119468874
1,1,0.9996546
0,0,0.000119478675
0,0,0.000119458506
0,0,0.00011948289
0,0,0.000119473545
1,1,0.9747483
1,0,0.00012562612
1,1,0.9995928
1,1,0.99973404
1,1,0.99902403
1,0,0.00011951467
1,0,0.11531453
0,0,0.00011948289
0,0,0.00011948573
1,1,0.9990733
1,0,0.35891825
1,1,0.9991598
0,0,0.00011946978
1,0,0.00012310475
0,0,0.00011946443
1,1,0.9981636
1,0,0.000119519
0,0,0.0001194846
0,0,0.00011950019
0,0,0.000119467964
1,1,0.9844185
1,1,0.9894444
1,1,0.999412
0,0,0.0001225143
1,1,0.99426115
0,0,0.00011949223
1,1,0.9979918
1,0,0.00013048071
1,1,0.99929076
1,1,0.9991066
0,0,0.00013260069
1,1,0.9991943
1,1,0.9979403
0,0,0.000119462384
1,1,0.99971914
0,0,0.00012413833
0,0,0.0001196603
1,1,0.99906814
1,1,0.99914366
0,0,0.00011946819
0,0,0.00011971212
0,0,0.0001203712
1,1,0.99978507
1,0,0.00012733764
1,1,0.9984414
1,1,0.9989421
1,1,0.99957854
1,1,0.9989787
1,1,0.9997564
0,0,0.00011951079
0,0,0.0001195353
0,0,0.000119515236
1,1,0.99978244
1,1,0.99957496
1,1,0.9989933
1,1,0.99966836
0,0,0.00011951159
0,0,0.00011947719
1,1,0.9977949
1,1,0.998702
1,1,0.9918084
0,0,0.00011954101
1,1,0.99978566
1,0,0.000119741555
0,0,0.00011945839
0,0,0.00011949347
1,1,0.99902827
0,0,0.0001195353
0,0,0.000120457094
1,1,0.99725944
1,1,0.99907494
1,1,0.9997849
0,0,0.000119462726
1,1,0.99953604
1,0,0.00011949495
1,1,0.99928063
1,1,0.9997125
1,1,0.9975378
1,1,0.99977845
1,1,0.99978715
0,0,0.00011960156
1,1,0.999648
0,0,0.00011960885
0,0,0.000119460674
1,1,0.9489134
0,0,0.00012088469
0,0,0.000119465345
1,1,0.92234486
1,0,0.00011952527
1,1,0.99978924
1,0,0.039966375
1,0,0.0001216438
0,0,0.000119462384
1,1,0.99977267
1,0,0.00033662995
1,1,0.9977011
1,1,0.9996525
0,0,0.00011946204
0,0,0.00011946261
0,0,0.000119516495
1,0,0.0018261909
1,1,0.9995653
0,0,0.00011946694
1,1,0.99942344
0,0,0.000119507946
1,1,0.9979908
1,1,0.9996271
0,0,0.000119461925
0,0,0.000120384066
1,1,0.99900854
1,0,0.00011963645
1,1,0.9995794
1,1,0.9987248
1,1,0.9985256
0,0,0.000119473545
0,0,0.00011947218
1,1,0.9993203
0,0,0.000119991186
1,1,0.9997826
1,1,0.9997857
1,1,0.7208822
0,0,0.00011946933
0,0,0.0001232785
0,0,0.000119470584
0,0,0.00011961363
0,0,0.000119481745
0,0,0.00011947708
1,1,0.9553869
0,0,0.00011946386
1,1,0.9533103
0,0,0.00011946386
0,0,0.00011946762
1,1,0.9995501
1,1,0.9997834
0,0,0.000119458164
1,1,0.9996867
0,0,0.00011946831
1,1,0.9996313
1,1,0.9997837
1,1,0.99944407
0,0,0.00011959984
1,1,0.9994173
1,1,0.99935687
1,0,0.00013930825
0,0,0.000119472636
0,0,0.000119470125
1,1,0.9997875
1,1,0.9994453
0,0,0.00011953884
1,1,0.99977297
0,0,0.00011947298
0,0,0.00011947571
1,1,0.9975942
1,1,0.9993162
0,0,0.000119473094
1,0,0.00011953747
1,1,0.9994528
0,0,0.000119812605
1,0,0.30522096
1,1,0.9981573
1,1,0.9757558
0,0,0.000119469216
1,1,0.9996045
1,1,0.99974114
0,0,0.00011946944
0,0,0.000119773766
1,1,0.9997846
0,0,0.00011946557
0,0,0.00011951216
0,0,0.00011947149
0,0,0.00011948197
0,0,0.0001210502
1,1,0.999706
1,1,0.9994885
0,0,0.00011948653
1,1,0.9988886
0,0,0.00011949438
1,1,0.99970067
1,1,0.9986296
0,0,0.00011954317
0,0,0.00011961933
0,0,0.00011946819
0,0,0.00012219253
1,1,0.99978787
0,0,0.000119468874
1,0,0.00011948551
1,1,0.9986767
1,0,0.00011987454
1,1,0.9987292
0,0,0.00011947036
1,1,0.9997856
1,1,0.99971277
0,0,0.000119468765
0,0,0.00011946181
1,1,0.999778
1,1,0.71840465
0,0,0.000119494725
0,0,0.00012097093
1,0,0.000119766344
1,0,0.00012262756
0,0,0.00011948972
0,0,0.0001194601
0,0,0.000119479926
0,0,0.000119467964
1,1,0.9984061
1,1,0.9997505
1,1,0.998968
0,0,0.00011986962
1,1,0.9985318
0,0,0.000119482545
0,0,0.00011947115
0,0,0.00011948893
1,1,0.9995912
1,1,0.99979
1,1,0.9990331
0,0,0.0001194634
0,0,0.00012459989
0,0,0.000119526296
0,0,0.00011946671
0,0,0.000119492346
0,0,0.00011990324
0,0,0.00011954385
0,0,0.00011945873
0,0,0.00012166585
1,1,0.99972
1,1,0.99958056
0,0,0.000119460674
1,1,0.9973694
0,0,0.00012373463
1,1,0.9997823
0,0,0.00011946694
0,0,0.000119478216
1,1,0.9995165
1,1,0.9987851
0,0,0.0001194674
1,1,0.9996375
1,1,0.9992943
0,0,0.00011946614
1,1,0.9997206
0,0,0.00011947378
0,0,0.00011946569
1,1,0.99921995
0,0,0.00011946352
0,0,0.000119716686
0,0,0.00011947047
1,1,0.9997817
1,1,0.9992444
1,1,0.99976176
0,0,0.000119482545
0,0,0.00011972411
0,0,0.0001195035
1,1,0.9967405
0,0,0.00011947378
1,1,0.9994516
0,0,0.00011947195
1,1,0.99966425
0,0,0.00011946295
0,0,0.000121028395
0,0,0.00011975344
1,1,0.9990872
0,0,0.000119520824
1,1,0.9993039
0,0,0.000119462835
1,1,0.9989663
0,0,0.00011946044
0,0,0.0001316249
0,0,0.00011945839
0,0,0.000119482655
0,0,0.0001194642
1,1,0.97483325
0,0,0.00011949347
0,0,0.00011964135
1,1,0.9972839
0,0,0.00011947047
1,0,0.00011950749
1,1,0.8145422
1,0,0.00012136216
1,1,0.9995402
1,0,0.00011947389
1,1,0.9997876
0,0,0.00011946648
1,1,0.9982515
0,0,0.00011946249
0,0,0.00011948664
1,0,0.000119480384
1,1,0.9997852
1,0,0.000119507946
1,0,0.000119602926
1,1,0.9991281
0,0,0.00012278483
0,0,0.00011946056
1,1,0.9991115
0,0,0.000119495635
0,0,0.000119476965
0,0,0.000119467506
1,1,0.99609256
1,1,0.99889237
1,1,0.75376344
1,1,0.99956065
1,1,0.9996906
0,0,0.000119825636
0,0,0.0001195418
0,0,0.000119477874
1,1,0.9995252
0,0,0.00011946523
1,1,0.9992846
0,0,0.00011946386
0,0,0.00011946489
1,1,0.99896765
0,0,0.00011946511
0,0,0.00012086048
1,1,0.6453296
1,1,0.99979
0,0,0.00012413999
0,0,0.00012005609
1,1,0.9940112
0,0,0.00011947594
1,1,0.9955161
1,1,0.99741626
1,1,0.99594146
1,1,0.99978614
0,0,0.000119458964
1,1,0.9996364
1,1,0.9646384
0,0,0.00011946865
0,0,0.00011948163
1,1,0.9985238
0,0,0.00011946158
1,1,0.9995805
1,1,0.9310698
0,0,0.00011946078
1,1,0.999643
1,1,0.9986467
1,1,0.99959433
0,0,0.00014199833
0,0,0.000119462384
1,1,0.9995736
0,0,0.0001196854
0,0,0.0001194642
1,1,0.9988779
1,1,0.99887186
1,1,0.9414718
0,0,0.00011947674
0,0,0.00011946466
1,1,0.9995108
0,0,0.0001196068
1,1,0.9995837
0,0,0.000119462384
1,1,0.99978375
1,0,0.00011952664
0,0,0.0001194609
0,0,0.000119457705
1,1,0.9997098
1,1,0.99851215
0,0,0.000119493125
1,1,0.9991948
1,1,0.99932164
0,0,0.00011947252
1,1,0.99482864
0,0,0.000119465796
1,0,0.04554317
0,0,0.00011945737
1,0,0.00011948004
1,1,0.9983608
0,0,0.00011946648
0,0,0.00011945999
0,0,0.00011946124
1,1,0.9990477
1,1,0.9997854
0,0,0.00011949712
0,0,0.00013320784
0,0,0.00011947924
0,0,0.00011947765
0,0,0.00011946056
0,0,0.00011956266
1,1,0.9922526
1,1,0.99925935
1,1,0.99191684
0,0,0.00011946865
1,1,0.9991036
1,1,0.9667649
0,0,0.00011951638
1,1,0.99972725
1,1,0.9995521
1,0,0.00011952048
0,0,0.000119474
1,1,0.9992649
1,1,0.999616
0,0,0.00011947651
1,1,0.9995964
1,1,0.99948305
1,1,0.94903857
1,0,0.000119545104
0,0,0.00011945623
0,0,0.00011947765
1,1,0.9997395
0,0,0.0001194863
0,0,0.00012652259
0,0,0.00011963199
1,1,0.9491435
1,1,0.99733096
0,0,0.00011946648
0,0,0.00012008472
0,0,0.00011946489
1,0,0.00011950019
1,1,0.9984792
0,0,0.00011947913
1,0,0.00015072383
1,1,0.99903935
0,0,0.000119528806
0,0,0.00012690174
0,0,0.00011966999
1,1,0.99847513
1,0,0.00011948311
0,1,0.82648396
1,1,0.9996662
0,0,0.000120864745
0,0,0.000119474345
0,0,0.000119471835
1,1,0.9982629
0,0,0.00011947241
0,0,0.000119467964
0,0,0.00011947719
0,0,0.00012084952
0,0,0.00011946569
0,0,0.00011947252
0,0,0.00012035146
1,0,0.00012349534
0,0,0.000119604294
1,0,0.00012832937
0,0,0.00011971326
1,1,0.999785
1,1,0.999619
0,0,0.00011946147
1,1,0.99978423
1,1,0.9977097
0,0,0.00011947127
0,0,0.00011946853
1,1,0.9983929
0,0,0.00011946511
1,1,0.9995593
1,0,0.000119582735
1,1,0.978044
0,0,0.00011948414
1,0,0.000119474
1,1,0.99948734
0,0,0.0001196442
0,0,0.00011946147
0,0,0.00012006846
0,0,0.0007904243
0,0,0.00011947127
1,1,0.9897465
0,0,0.000119460216
0,0,0.00012023561
1,1,0.99958825
1,0,0.00012065839
0,0,0.00011946147
0,0,0.000119492914
0,0,0.00011946489
0,0,0.000119479926
0,0,0.000119946926
0,0,0.00012024558
0,0,0.00011946785
0,0,0.0001194756
1,1,0.9994068
1,0,0.00011949211
1,1,0.9694792
0,0,0.00012008713
1,1,0.99977785
1,1,0.9992161
1,1,0.9996075
0,0,0.000119548975
0,0,0.000119536446
0,0,0.000119469216
1,1,0.9982955
1,1,0.9995486
1,1,0.999654
0,0,0.00011948995
1,1,0.76262283
1,0,0.00011955593
1,1,0.9996314
1,1,0.9927518
0,0,0.00011951626
0,0,0.00011946295
1,1,0.99876654
1,1,0.9997696
0,0,0.000119489836
0,0,0.00011946762
1,1,0.99835896
1,1,0.9997852
1,1,0.99975693
1,1,0.8802123
0,0,0.000119468874
1,0,0.000120248566
0,0,0.000119472636
1,1,0.9990205
1,1,0.9983048
1,1,0.99891925
0,0,0.00011974213
0,0,0.00011947115
1,1,0.99976856
0,0,0.00011946671
1,1,0.9992057
1,1,0.9994658
1,1,0.8617792
1,1,0.9949876
0,0,0.00011945748
1,1,0.9975232
0,0,0.00011949871
1,1,0.89448464
0,0,0.00011952732
0,0,0.0001194617
1,0,0.00011951353
1,1,0.9997902
1,1,0.9997906
0,0,0.000119468765
1,1,0.97242886
1,1,0.9997838
1,1,0.9992715
1,0,0.000119554796
0,0,0.00012772641
1,0,0.00011982552
0,0,0.00011946489
1,1,0.9880739
1,1,0.99977237
1,1,0.9994457
0,0,0.00011962173
1,1,0.99887544
0,0,0.000119475146
1,1,0.99932534
0,0,0.000119484364
1,1,0.9991573
0,0,0.00011948471
1,1,0.9992816
0,0,0.00011947742
1,1,0.9915271
1,1,0.9997817
0,0,0.00011947127
1,1,0.9995358
0,0,0.00020197724
0,0,0.00011946865
1,0,0.00012895878
1,1,0.9956265
0,0,0.0001244733
1,0,0.000119493125
0,0,0.000119471384
1,1,0.99883556
0,0,0.00011979764
1,1,0.9983097
0,0,0.00011945794
0,0,0.000119468765
0,0,0.00011946352
1,1,0.9997843
0,0,0.00011951273
1,1,0.98014605
0,0,0.00011946591
1,0,0.00011949678
0,0,0.00011946762
0,0,0.00011947104
0,0,0.00011947207
1,0,0.0011870024
0,0,0.00011946398
1,1,0.99763334
0,0,0.00011945987
1,1,0.6898909
1,1,0.99943614
1,1,0.99977857
0,0,0.00011946899
1,1,0.9997004
0,0,0.00011946694
0,0,0.00012263165
0,0,0.000119461925
0,0,0.0001194978
0,0,0.00011947229
0,0,0.000119477765
0,0,0.00011947252
1,0,0.000119964316
1,1,0.69068074
0,0,0.0001203882
1,1,0.9944868
1,0,0.00011948869
0,0,0.00011946865
1,1,0.991967
0,0,0.00011946044
1,1,0.9990384
1,1,0.9993189
1,0,0.00011946865
1,0,0.000119481745
1,0,0.0002922152
1,1,0.99971366
0,0,0.00011961216
0,0,0.000119464086
0,0,0.0001194871
0,0,0.00011946329
1,1,0.9801157
1,1,0.9373577
0,0,0.00011946819
1,1,0.9983542
1,1,0.9996804
0,0,0.00011946261
0,0,0.00011949985
0,0,0.0001194544
1,1,0.9997124
1,1,0.99958426
0,0,0.00011947127
0,0,0.00011947913
0,0,0.00011956631
1,1,0.9993645
0,0,0.00012208294
1,1,0.9995543
1,1,0.9997804
1,1,0.9995157
0,0,0.000119460216
0,0,0.000119477765
0,0,0.000119461016
0,0,0.00011946682
1,1,0.99765956
0,0,0.00011946386
0,0,0.0001194732
1,1,0.99612224
0,0,0.000119492346
0,0,0.000119474
1,1,0.9997655
1,1,0.9981573
1,0,0.12951182
1,1,0.9971869
0,0,0.00011950327
1,0,0.00012083305
0,0,0.00011946147
1,1,0.9994874
0,0,0.00011946911
1,0,0.000121258396
1,1,0.99275464
1,1,0.99944496
1,0,0.001102381
1,1,0.99770564
1,1,0.9989006
0,0,0.0001198798
1,1,0.99961233
1,1,0.9869457
1,1,0.99936074
0,0,0.000120506265
0,0,0.000119846896
0,0,0.00011948107
0,0,0.00012033265
1,1,0.9995345
1,1,0.9997617
0,0,0.00011946181
0,0,0.00011947845
1,1,0.99902403
0,0,0.00011945953
0,0,0.00011974292
0,0,0.000119460674
0,0,0.000119492346
0,0,0.000119465454
0,0,0.00012564864
0,0,0.00011946865
0,0,0.000119467506
1,1,0.99920124
0,0,0.000119739045
0,0,0.0001194846
1,1,0.9996814
1,1,0.9996498
1,1,0.9994975
0,0,0.00011947127
0,0,0.00011946477
0,0,0.00011947446
0,0,0.00013030229
1,1,0.99793357
0,0,0.00012128868
1,0,0.0001196983
0,0,0.00011948893
1,1,0.8652202
0,0,0.00011945965
1,1,0.9997625
1,0,0.00021933245
0,0,0.00011948163
0,0,0.00012230701
1,1,0.99676
1,0,0.00011966269
1,1,0.99950194
0,0,0.00011947833
0,0,0.000119499964
0,0,0.00011945691
0,0,0.00011946569
1,1,0.9996859
1,1,0.99853295
1,1,0.99960285
0,0,0.000120424134
1,1,0.99966365
1,1,0.9899592
1,1,0.9984444
1,1,0.99719137
1,1,0.99973977
1,0,0.000119477765
1,1,0.99355525
1,1,0.9992621
0,0,0.00011945862
1,1,0.9992829
1,1,0.9988273
0,0,0.000119484255
1,1,0.9996984
1,0,0.00012086739
1,1,0.99973416
0,0,0.00012009135
1,1,0.9997389
0,0,0.00011946523
1,1,0.9996556
0,0,0.00011949678
1,1,0.99935216
0,0,0.00012092941
1,1,0.9851118
0,0,0.00011972536
1,1,0.9997841
0,0,0.000119462726
0,0,0.00011947332
1,1,0.9990273
1,1,0.99977946
0,0,0.000120422985
0,0,0.000119470125
0,0,0.00011946078
1,1,0.99957526
0,0,0.00011946477
1,1,0.99975115
0,0,0.0001194937
0,0,0.00011948961
0,0,0.00012085621
1,1,0.99872285
1,1,0.96707237
0,0,0.00012088342
0,0,0.00011948847
0,0,0.00011949438
0,0,0.00011946489
1,1,0.9994409
1,1,0.99963707
1,0,0.00011950042
0,0,0.0001194634
0,0,0.00011949189
0,0,0.000119470016
0,0,0.00011946204
1,1,0.9079744
1,1,0.99934477
0,0,0.000119467164
0,0,0.00011955514
1,1,0.9991675
1,0,0.000120292956
1,1,0.971491
1,1,0.9983653
0,0,0.000119469674
1,0,0.00011951581
0,0,0.00011946842
1,1,0.9992242
0,0,0.00012228753
0,0,0.00011976074
1,0,0.00012517066
0,0,0.000119477874
1,1,0.89512897
0,0,0.00011946511
1,1,0.9982415
1,1,0.9810552
1,0,0.39225355
1,1,0.99977314
0,0,0.00011947491
1,1,0.9978739
0,0,0.000119467055
1,1,0.99729264
1,1,0.9993821
1,1,0.99978715
0,0,0.000119458164
0,0,0.000120238015
1,1,0.998987
0,0,0.00011984061
0,0,0.000119486984
1,1,0.99571085
1,0,0.00011953633
0,0,0.00011946671
0,0,0.000119504184
1,1,0.9981323
0,0,0.00011950361
0,0,0.000119505894
1,1,0.99918896
0,0,0.0012797004
1,1,0.99978286
0,0,0.0001195581
1,1,0.99887824
0,0,0.00012174001
1,1,0.9993402
0,0,0.00011947195
0,0,0.00011946511
1,1,0.99978954
1,1,0.97502667
0,0,0.000119509656
1,1,0.99977463
0,0,0.000122157
1,1,0.99978715
0,0,0.000119468765
1,1,0.9994854
0,0,0.00011950863
1,1,0.9995461
1,1,0.9492709
1,1,0.9996956
1,1,0.99956566
0,0,0.00012154873
1,1,0.99855065
1,0,0.00011959129
1,1,0.997339
1,1,0.99969065
0,0,0.00011947845
1,0,0.00011949177
1,1,0.9968685
0,0,0.00011957498
1,1,0.9986065
1,1,0.9986405
1,1,0.9915088
0,0,0.000119482655
0,0,0.00011953792
0,0,0.00011945987
1,0,0.00011979136
1,1,0.9997848
1,1,0.9989752
1,1,0.7448142
0,0,0.00020965669
0,0,0.00011953337
1,1,0.99978685
1,1,0.9966537
0,0,0.00011947195
1,1,0.9833061
0,0,0.000119461125
0,0,0.00012138785
1,1,0.9994958
1,0,0.00011987602
0,0,0.00012793607
1,1,0.99951684
0,0,0.00011947195
0,0,0.000119467964
1,1,0.9985061
0,0,0.00011949586
1,1,0.99912655
1,1,0.99967015
0,0,0.00011946181
1,0,0.000120230216
1,1,0.9605703
0,0,0.00011950065
1,1,0.9306702
1,1,0.9815504
0,0,0.00012151304
0,0,0.00011956848
1,1,0.99966735
1,1,0.99905616
1,1,0.9990907
0,0,0.00011955548
0,0,0.0001194601
1,1,0.999784
0,0,0.000119464086
0,0,0.000119481185
0,0,0.00011947298
0,0,0.00011946432
0,0,0.00012447104
1,1,0.99971014
0,0,0.00011946774
0,0,0.00011946306
0,0,0.000119467164
0,0,0.00012134051
0,0,0.000119462726
0,0,0.00011946318
1,1,0.99975157
1,1,0.99941784
0,0,0.00011948722
1,1,0.9989438
0,0,0.00011978713
1,0,0.00023556419
0,0,0.00012473542
1,1,0.999656
0,0,0.00012611186
0,0,0.00012734723
0,0,0.00012267014
1,0,0.000119598815
1,1,0.99957937
0,0,0.00011946295
1,1,0.98575383
0,0,0.000119470016
0,0,0.00011947024
0,0,0.00011946762
0,0,0.000119904726
0,0,0.000119943266
1,0,0.00012177449
0,0,0.0001194617
0,0,0.00011947491
0,0,0.00011947753
0,0,0.000119781194
0,0,0.00011947856
1,1,0.8521084
1,1,0.9967988
0,0,0.00011947731
1,1,0.66160077
0,0,0.00011945737
1,1,0.9802499
0,0,0.000119486416
1,0,0.00011949712
0,0,0.00011966121
1,1,0.9995622
0,0,0.00011947104
0,0,0.00011946614
0,0,0.00011950042
1,1,0.999702
0,0,0.00011949324
0,0,0.00011946774
1,1,0.9991801
1,0,0.009677174
0,0,0.00011946728
0,0,0.0001194642
0,0,0.00017174358
1,1,0.9649678
0,0,0.00011958034
1,0,0.000119759716
1,1,0.99913764
1,1,0.99978673
1,1,0.99972075
0,0,0.00011956654
0,0,0.000119470016
0,0,0.0001194642
0,0,0.000119461925
1,0,0.00012305102
1,1,0.9994705
1,1,0.9997826
1,1,0.90950346
0,0,0.000119471384
0,0,0.00011947742
0,0,0.00011964854
0,0,0.000119467506
0,0,0.000119465796
1,0,0.000119650256
1,1,0.9957311
0,0,0.00011946831
0,0,0.000119457596
0,0,0.00012408318
1,1,0.9997863
1,1,0.99960154
0,0,0.000122038015
0,1,0.9990266
0,0,0.00011949769
0,0,0.00011948494
0,0,0.00011957315
1,1,0.99975985
0,0,0.00012816244
1,0,0.00011950475
0,0,0.00011960064
1,1,0.9978794
1,1,0.9997668
0,0,0.000119900724
1,1,0.9721679
0,0,0.000119547156
1,1,0.99429846
1,1,0.9997672
0,0,0.000119475146
0,0,0.00011946136
1,1,0.9444286
1,1,0.9940849
1,1,0.57534033
1,0,0.2287237
1,1,0.99955714
0,0,0.00012740637
0,0,0.000119470016
1,0,0.00011949018
1,1,0.999167
0,0,0.00011946204
1,0,0.00012649667
0,0,0.00011948231
0,0,0.000119467506
1,1,0.99978954
1,1,0.99950755
0,0,0.000119471726
0,0,0.000119467055
0,0,0.000119460216
1,1,0.99884963
0,0,0.00011947389
0,0,0.00011949871
1,1,0.99920094
1,1,0.97447395
1,1,0.999788
1,0,0.06207702
1,1,0.9527881
0,0,0.00011946569
1,1,0.99970156
1,1,0.9976368
0,0,0.00011952276
1,1,0.9996888
0,0,0.000119463744
0,0,0.0001194879
1,1,0.9905419
0,0,0.00011946432
0,0,0.00011947036
1,0,0.00012371586
1,1,0.9975956
0,0,0.00011951171
0,0,0.000119461016
0,0,0.49561548
1,0,0.00011954043
1,1,0.99929094
1,1,0.99873084
1,1,0.9983463
1,1,0.99898195
1,1,0.9992044
0,0,0.00011948972
1,1,0.99951327
0,0,0.00011996054
1,1,0.99958384
0,0,0.00011997231
0,0,0.00011947081
0,0,0.00011952436
1,0,0.00013196294
0,0,0.00011948209
0,0,0.00011946671
0,0,0.00011946306
0,0,0.00011948243
0,0,0.00012720814
1,0,0.00012005483
0,0,0.000119463744
1,0,0.00011947241
1,1,0.9948717
0,0,0.00011945976
1,1,0.9997836
1,1,0.9995947
1,1,0.9996006
1,1,0.998541
0,0,0.0001194552
1,1,0.9992244
0,0,0.000121314595
1,1,0.99974
1,1,0.9753908
1,1,0.99976134
0,0,0.00011952721
1,1,0.99954057
0,0,0.00012322114
1,1,0.99978435
0,0,0.000119475255
0,0,0.00011948938
0,0,0.00011950133
0,1,0.87955076
0,0,0.00011948004
1,0,0.00012019057
0,0,0.0001194978
0,0,0.00011946227
0,0,0.00012049742
0,0,0.000119476055
1,1,0.998882
1,1,0.9966486
0,0,0.00011959471
1,1,0.99923664
0,0,0.000119516946
1,1,0.9997001
1,1,0.99978435
1,1,0.9997742
1,1,0.99977386
0,0,0.00011947024
0,0,0.00011946033
1,1,0.999685
1,1,0.99566716
0,0,0.00011979798
1,1,0.99802905
1,1,0.9992052
0,0,0.00011947127
0,0,0.00011946136
1,1,0.99953943
1,1,0.99942017
1,1,0.7139341
1,1,0.9989277
0,0,0.00011946637
0,0,0.00011947036
1,1,0.9997064
0,0,0.00011947549
1,1,0.9996037
0,0,0.00011947412
1,1,0.99391
0,0,0.00011955605
0,0,0.00011946694
0,0,0.00011946842
1,0,0.00012508118
1,1,0.99688464
0,0,0.00011945532
0,0,0.000119479926
0,0,0.000119481294
1,1,0.99977005
0,0,0.00011947469
0,0,0.00011946432
0,0,0.00011946466
1,1,0.99520123
0,0,0.000119474345
0,0,0.00012261224
0,0,0.00012002621
0,0,0.00014130057
